Hora del Día,Condiciones Climáticas,Tipo de Carretera,Límite de Velocidad,Densidad de Tráfico,Tipo de Vehículo,Edad del Conductor
6,Snow,Urban,34,High,Truck,59
19,Snow,Rural,47,Low,Motorcycle,79
14,Fog,Urban,67,Low,Car,23
10,Snow,Urban,66,Low,Motorcycle,23
7,Fog,Urban,93,Low,Truck,37
20,Clear,Rural,39,High,Motorcycle,38
6,Rain,Highway,108,High,Car,19
18,Rain,Rural,71,Low,Motorcycle,43
22,Snow,Highway,77,Low,Truck,48
10,Snow,Urban,73,Medium,Car,43
10,Snow,Highway,111,Medium,Truck,73
23,Rain,Rural,116,Low,Motorcycle,49
20,Clear,Rural,45,Low,Bus,27
3,Clear,Urban,83,Medium,Truck,40
7,Rain,Highway,64,Medium,Motorcycle,75
23,Clear,Urban,57,Low,Bus,23
2,Rain,Urban,31,High,Bus,40
21,Clear,Rural,42,High,Car,45
20,Fog,Highway,70,Low,Bus,66
1,Fog,Highway,109,Low,Truck,47
23,Rain,Highway,88,Medium,Truck,31
11,Clear,Highway,98,Medium,Bus,54
5,Snow,Urban,82,High,Motorcycle,72
1,Clear,Urban,74,Low,Truck,49
20,Fog,Rural,49,Medium,Truck,66
0,Fog,Urban,53,High,Car,51
11,Clear,Urban,90,High,Motorcycle,58
21,Clear,Rural,120,High,Bus,61
11,Snow,Rural,87,Medium,Motorcycle,68
16,Snow,Rural,56,Medium,Car,39
9,Clear,Urban,55,Low,Car,48
15,Clear,Urban,36,Low,Motorcycle,24
14,Clear,Rural,71,High,Car,58
14,Clear,Rural,76,High,Car,38
18,Rain,Rural,82,Medium,Car,33
11,Clear,Urban,88,Medium,Motorcycle,37
22,Snow,Urban,67,Low,Car,60
19,Fog,Highway,98,Low,Bus,61
2,Rain,Urban,116,Low,Bus,64
4,Clear,Urban,82,Medium,Truck,67
18,Fog,Urban,44,High,Bus,36
6,Rain,Rural,55,Low,Truck,65
20,Fog,Urban,77,Low,Motorcycle,49
8,Clear,Rural,48,Medium,Car,32
6,Clear,Highway,38,Low,Bus,22
17,Snow,Highway,93,High,Truck,28
3,Clear,Rural,83,Medium,Motorcycle,32
13,Clear,Rural,80,Low,Truck,46
17,Rain,Rural,68,Low,Car,67
8,Snow,Urban,33,Medium,Bus,62
20,Rain,Highway,32,Medium,Motorcycle,21
1,Fog,Rural,93,Low,Truck,66
19,Clear,Urban,58,High,Motorcycle,53
14,Fog,Highway,40,Medium,Truck,65
6,Rain,Urban,87,High,Truck,40
11,Clear,Highway,104,Low,Car,32
7,Clear,Urban,56,High,Car,63
14,Rain,Highway,50,Low,Truck,61
2,Rain,Highway,68,Low,Bus,20
13,Rain,Urban,75,Low,Motorcycle,49
16,Rain,Rural,95,Low,Motorcycle,27
3,Rain,Highway,120,High,Car,57
17,Clear,Rural,65,Low,Bus,55
7,Rain,Urban,104,Low,Truck,39
3,Clear,Rural,111,High,Car,31
1,Clear,Rural,94,Medium,Truck,34
5,Rain,Rural,92,High,Truck,38
21,Rain,Rural,64,High,Car,68
9,Snow,Rural,60,High,Bus,65
3,Clear,Highway,57,Low,Motorcycle,32
21,Rain,Highway,30,Low,Car,75
17,Rain,Highway,54,Low,Bus,32
11,Rain,Urban,72,Medium,Truck,18
1,Snow,Rural,113,Low,Car,41
9,Snow,Highway,96,Medium,Motorcycle,72
3,Fog,Urban,92,Low,Motorcycle,72
13,Clear,Highway,80,High,Truck,29
15,Fog,Highway,31,Low,Car,27
14,Rain,Rural,111,Medium,Motorcycle,63
7,Snow,Urban,93,Medium,Car,59
13,Snow,Rural,103,Low,Motorcycle,59
22,Fog,Rural,98,High,Truck,69
7,Snow,Highway,38,Low,Truck,78
20,Rain,Rural,31,Low,Car,48
15,Snow,Urban,63,Low,Bus,28
12,Fog,Rural,89,High,Bus,71
17,Rain,Rural,90,Medium,Truck,33
14,Fog,Rural,60,High,Motorcycle,78
20,Snow,Highway,39,Medium,Bus,26
23,Fog,Urban,105,Medium,Truck,64
12,Fog,Highway,65,Medium,Motorcycle,31
8,Clear,Highway,114,High,Motorcycle,36
14,Snow,Highway,78,Low,Bus,48
12,Snow,Highway,99,Low,Truck,26
0,Fog,Highway,78,Low,Motorcycle,53
6,Clear,Urban,32,Low,Motorcycle,70
8,Snow,Rural,103,Low,Car,56
23,Rain,Highway,34,High,Car,71
0,Fog,Highway,119,High,Bus,43
11,Snow,Urban,90,High,Car,25
7,Rain,Urban,114,High,Truck,41
23,Snow,Rural,119,High,Bus,25
10,Rain,Urban,55,High,Bus,36
18,Fog,Rural,101,High,Car,64
16,Snow,Highway,34,Low,Motorcycle,65
7,Snow,Highway,44,Medium,Truck,47
2,Clear,Rural,45,High,Truck,75
2,Fog,Urban,30,Medium,Truck,39
0,Rain,Rural,45,High,Bus,72
4,Snow,Urban,66,High,Truck,26
9,Snow,Highway,32,Low,Motorcycle,75
6,Rain,Urban,81,Medium,Motorcycle,75
8,Fog,Rural,76,Low,Car,79
6,Clear,Rural,42,Low,Truck,61
8,Clear,Highway,109,Medium,Bus,65
7,Snow,Urban,84,Low,Car,21
11,Rain,Urban,50,High,Motorcycle,54
1,Snow,Urban,95,High,Truck,25
0,Rain,Highway,83,High,Motorcycle,18
15,Clear,Urban,56,High,Car,45
22,Fog,Rural,67,High,Motorcycle,23
22,Rain,Urban,119,Low,Truck,64
23,Clear,Highway,87,Low,Truck,53
4,Snow,Urban,91,High,Car,70
2,Rain,Urban,75,High,Truck,28
11,Fog,Rural,118,Low,Motorcycle,22
7,Snow,Urban,40,Medium,Motorcycle,67
21,Snow,Rural,101,Low,Bus,41
2,Clear,Rural,37,Low,Bus,64
0,Rain,Highway,100,Low,Bus,35
2,Snow,Rural,93,Low,Motorcycle,37
4,Fog,Rural,50,Low,Motorcycle,45
14,Rain,Highway,101,Medium,Car,30
13,Fog,Rural,92,High,Bus,22
2,Snow,Highway,114,High,Motorcycle,47
0,Fog,Urban,93,Medium,Car,18
4,Clear,Highway,49,High,Motorcycle,39
22,Fog,Rural,37,High,Car,35
13,Rain,Highway,87,High,Bus,63
6,Fog,Rural,75,Medium,Bus,22
8,Fog,Urban,60,Medium,Bus,48
14,Clear,Highway,38,High,Motorcycle,23
14,Fog,Urban,44,High,Motorcycle,44
9,Fog,Rural,55,High,Car,73
12,Snow,Rural,39,Low,Truck,42
18,Snow,Urban,58,Low,Truck,46
6,Rain,Highway,109,Low,Bus,45
16,Snow,Highway,65,Medium,Truck,33
19,Snow,Rural,113,High,Bus,71
3,Snow,Urban,66,Medium,Car,70
4,Snow,Urban,115,Medium,Truck,29
22,Clear,Highway,100,Medium,Truck,37
6,Snow,Highway,52,High,Bus,35
12,Clear,Highway,70,Low,Car,51
14,Clear,Urban,109,High,Truck,72
10,Snow,Highway,57,High,Truck,70
3,Fog,Highway,77,Medium,Truck,40
12,Clear,Rural,67,Medium,Car,62
6,Fog,Highway,60,Medium,Car,44
18,Fog,Highway,43,Low,Truck,66
21,Snow,Urban,102,Low,Bus,34
1,Rain,Urban,120,Low,Bus,65
9,Snow,Rural,117,High,Truck,38
12,Rain,Highway,106,Medium,Car,67
20,Rain,Rural,119,High,Truck,57
5,Snow,Urban,58,Low,Car,79
11,Snow,Rural,80,Medium,Truck,48
11,Rain,Urban,78,Low,Car,20
19,Snow,Rural,72,Medium,Motorcycle,34
10,Rain,Rural,101,Medium,Bus,78
22,Fog,Highway,116,High,Motorcycle,67
6,Snow,Rural,34,High,Bus,75
0,Fog,Highway,71,Low,Car,43
0,Clear,Highway,36,High,Motorcycle,40
19,Fog,Highway,71,High,Bus,23
12,Fog,Highway,65,High,Truck,45
8,Rain,Rural,56,Medium,Car,25
2,Fog,Urban,87,High,Car,72
6,Snow,Urban,75,Low,Truck,79
5,Rain,Urban,95,Medium,Truck,75
7,Clear,Rural,54,Medium,Bus,62
8,Snow,Highway,102,High,Car,25
4,Clear,Urban,56,Medium,Bus,36
0,Fog,Rural,30,Low,Truck,55
18,Snow,Highway,116,Low,Car,46
9,Snow,Urban,103,Medium,Truck,40
11,Clear,Highway,71,High,Bus,64
23,Snow,Urban,81,High,Bus,49
14,Snow,Urban,54,Medium,Bus,27
21,Snow,Urban,83,Low,Car,44
23,Fog,Highway,96,Medium,Truck,66
8,Clear,Rural,35,High,Truck,18
19,Snow,Highway,87,High,Bus,56
16,Rain,Urban,99,Medium,Bus,46
16,Rain,Highway,82,Low,Bus,76
19,Rain,Rural,95,Medium,Bus,62
11,Rain,Highway,87,Low,Motorcycle,20
6,Fog,Rural,111,Low,Motorcycle,68
1,Snow,Rural,116,Medium,Motorcycle,64
2,Clear,Highway,31,Medium,Bus,54
16,Snow,Urban,105,Low,Bus,48
4,Fog,Rural,51,Low,Truck,28
16,Rain,Highway,66,Low,Car,39
23,Fog,Rural,49,Low,Truck,35
16,Snow,Urban,53,High,Motorcycle,52
16,Clear,Highway,113,Medium,Truck,23
1,Fog,Highway,94,Low,Bus,20
1,Clear,Highway,94,Medium,Motorcycle,79
21,Fog,Urban,110,Low,Motorcycle,22
22,Clear,Rural,30,Medium,Car,26
4,Clear,Highway,32,Medium,Car,45
0,Rain,Rural,75,Low,Motorcycle,36
0,Clear,Rural,84,Low,Motorcycle,45
18,Rain,Urban,104,Medium,Truck,44
1,Snow,Highway,117,Medium,Motorcycle,30
20,Snow,Rural,115,Medium,Bus,78
11,Rain,Highway,93,High,Truck,55
5,Rain,Highway,74,Low,Bus,60
22,Fog,Urban,55,High,Bus,70
3,Fog,Highway,106,High,Bus,38
22,Fog,Highway,94,Low,Motorcycle,44
10,Snow,Rural,53,Low,Car,79
23,Fog,Urban,103,High,Car,63
16,Clear,Highway,64,Low,Bus,23
5,Clear,Rural,53,Medium,Motorcycle,55
23,Fog,Urban,57,Medium,Truck,66
4,Clear,Urban,109,High,Bus,28
19,Snow,Rural,45,High,Truck,64
1,Clear,Rural,88,Low,Truck,58
5,Snow,Rural,110,Low,Motorcycle,70
21,Rain,Rural,83,High,Motorcycle,34
10,Rain,Rural,108,High,Car,73
15,Rain,Highway,45,Medium,Car,56
15,Rain,Highway,44,Medium,Motorcycle,24
0,Clear,Urban,40,Low,Bus,47
8,Fog,Highway,94,Medium,Car,38
5,Clear,Highway,108,Low,Truck,18
15,Snow,Highway,119,Low,Bus,42
2,Clear,Rural,97,Low,Truck,49
19,Clear,Urban,72,Medium,Motorcycle,76
3,Snow,Urban,98,High,Truck,74
18,Rain,Urban,42,High,Bus,25
2,Rain,Urban,39,Medium,Motorcycle,22
18,Rain,Highway,104,High,Bus,47
19,Fog,Highway,111,Low,Truck,68
6,Snow,Rural,70,High,Bus,25
19,Snow,Urban,79,Medium,Motorcycle,66
8,Clear,Highway,116,High,Truck,36
0,Fog,Highway,100,Low,Truck,61
7,Rain,Rural,88,Low,Car,76
6,Fog,Rural,68,Medium,Car,72
17,Snow,Rural,32,Medium,Bus,47
7,Snow,Highway,105,Medium,Car,32
0,Clear,Highway,36,Low,Car,53
10,Clear,Rural,78,High,Car,72
17,Snow,Urban,55,High,Car,61
22,Rain,Rural,62,Medium,Motorcycle,44
9,Rain,Rural,77,High,Motorcycle,30
2,Fog,Rural,108,High,Car,31
6,Snow,Rural,31,Medium,Bus,54
15,Snow,Highway,100,Medium,Motorcycle,71
15,Rain,Urban,61,Low,Car,65
19,Rain,Rural,33,Low,Motorcycle,47
16,Snow,Urban,49,Low,Truck,56
1,Clear,Urban,65,Low,Motorcycle,64
0,Snow,Urban,61,High,Motorcycle,30
15,Snow,Rural,57,High,Bus,75
11,Rain,Highway,106,Low,Motorcycle,33
4,Rain,Rural,30,Low,Bus,61
4,Clear,Urban,89,Medium,Truck,24
22,Clear,Urban,85,High,Car,65
8,Fog,Highway,64,High,Bus,72
8,Snow,Rural,59,Low,Motorcycle,72
2,Rain,Urban,83,High,Motorcycle,44
18,Clear,Highway,65,Medium,Bus,62
15,Fog,Urban,84,Medium,Truck,78
15,Fog,Highway,118,High,Car,72
2,Rain,Highway,109,Low,Motorcycle,52
19,Rain,Rural,87,High,Truck,32
23,Fog,Urban,112,Medium,Car,45
21,Clear,Rural,94,Low,Car,52
23,Fog,Urban,98,High,Motorcycle,24
0,Snow,Rural,80,Low,Bus,79
23,Snow,Urban,51,Low,Motorcycle,67
19,Rain,Rural,117,Medium,Motorcycle,63
10,Clear,Highway,82,Low,Motorcycle,67
16,Clear,Urban,65,High,Truck,68
7,Snow,Urban,97,Low,Bus,63
3,Fog,Highway,65,Low,Truck,37
5,Rain,Rural,81,High,Motorcycle,49
7,Fog,Urban,82,Medium,Bus,55
19,Fog,Urban,111,Medium,Car,78
2,Fog,Rural,79,High,Bus,57
15,Clear,Highway,109,High,Motorcycle,49
2,Snow,Rural,70,Medium,Bus,43
17,Clear,Rural,47,Low,Car,75
13,Snow,Rural,51,High,Car,56
17,Rain,Urban,95,Low,Bus,37
1,Rain,Highway,50,High,Car,35
21,Fog,Highway,73,Medium,Truck,67
2,Snow,Rural,76,Low,Bus,32
15,Snow,Urban,68,Low,Car,69
8,Snow,Rural,58,High,Car,39
3,Fog,Urban,83,Low,Bus,68
0,Fog,Urban,119,High,Truck,39
3,Rain,Urban,114,Medium,Bus,70
0,Clear,Urban,46,Low,Car,38
13,Snow,Highway,109,High,Bus,19
20,Snow,Urban,89,Low,Car,57
15,Clear,Urban,60,High,Motorcycle,70
19,Snow,Rural,102,High,Bus,60
23,Fog,Rural,107,High,Bus,35
7,Fog,Highway,78,Medium,Car,40
6,Snow,Rural,31,Low,Car,30
2,Fog,Urban,77,Medium,Car,58
16,Fog,Rural,43,High,Car,26
0,Snow,Highway,88,High,Bus,66
15,Rain,Rural,87,Medium,Car,24
11,Clear,Rural,87,Medium,Bus,58
18,Fog,Highway,80,Low,Truck,71
21,Rain,Highway,113,High,Bus,18
22,Fog,Urban,31,Medium,Car,19
21,Fog,Rural,70,High,Car,21
13,Clear,Urban,112,High,Truck,31
5,Fog,Rural,111,Low,Bus,49
5,Clear,Rural,45,Low,Truck,53
12,Clear,Urban,33,Low,Bus,19
18,Clear,Rural,41,Medium,Car,57
21,Rain,Rural,58,High,Bus,67
7,Snow,Rural,36,Medium,Car,68
1,Rain,Highway,43,Medium,Car,31
20,Snow,Urban,41,Low,Motorcycle,37
0,Snow,Highway,34,High,Motorcycle,42
14,Clear,Urban,110,High,Bus,59
0,Fog,Urban,61,Low,Car,66
4,Clear,Rural,103,High,Truck,25
15,Fog,Urban,72,Low,Car,45
18,Snow,Highway,110,Medium,Truck,63
3,Clear,Highway,98,Medium,Bus,38
2,Fog,Highway,74,Low,Bus,40
16,Rain,Urban,38,Medium,Truck,49
16,Fog,Highway,78,Medium,Truck,25
11,Clear,Urban,62,Low,Car,48
13,Rain,Highway,47,Medium,Bus,54
20,Fog,Highway,38,High,Car,33
5,Fog,Urban,91,Medium,Truck,57
2,Fog,Highway,86,Low,Motorcycle,59
8,Fog,Rural,58,High,Motorcycle,44
4,Fog,Urban,107,High,Motorcycle,57
23,Rain,Urban,54,Medium,Truck,58
16,Snow,Urban,44,High,Car,35
13,Rain,Rural,35,Low,Bus,52
20,Rain,Urban,71,High,Truck,66
2,Rain,Highway,58,Medium,Motorcycle,69
0,Snow,Highway,108,Medium,Car,32
19,Clear,Highway,33,High,Bus,70
20,Snow,Urban,111,Low,Bus,44
22,Rain,Highway,86,Low,Truck,34
0,Fog,Urban,78,Medium,Truck,57
2,Fog,Highway,73,Medium,Bus,19
17,Rain,Rural,109,Low,Bus,66
9,Fog,Rural,104,High,Motorcycle,67
21,Rain,Rural,43,High,Bus,48
2,Fog,Rural,32,High,Truck,78
7,Snow,Urban,91,High,Car,54
13,Clear,Highway,93,Low,Motorcycle,58
23,Clear,Rural,74,Medium,Motorcycle,58
17,Snow,Urban,111,Medium,Bus,51
14,Snow,Rural,87,High,Car,51
21,Rain,Rural,49,Low,Motorcycle,68
22,Rain,Urban,87,Low,Truck,72
1,Rain,Urban,118,High,Bus,76
9,Fog,Highway,86,High,Truck,20
1,Rain,Highway,106,High,Bus,34
16,Snow,Rural,97,Medium,Motorcycle,31
7,Clear,Rural,107,High,Bus,31
0,Fog,Highway,81,Medium,Car,63
8,Rain,Highway,66,Low,Truck,55
10,Fog,Urban,37,Low,Car,52
21,Fog,Highway,73,Medium,Truck,18
15,Rain,Highway,34,Medium,Truck,79
6,Fog,Rural,98,Medium,Bus,65
9,Clear,Highway,60,Medium,Motorcycle,46
22,Snow,Rural,74,High,Motorcycle,21
2,Snow,Highway,38,Low,Car,78
17,Clear,Urban,61,High,Bus,50
23,Fog,Highway,62,Medium,Motorcycle,34
12,Rain,Highway,96,High,Truck,45
6,Fog,Highway,59,High,Truck,67
3,Clear,Rural,105,Low,Bus,43
12,Fog,Urban,58,High,Car,25
19,Snow,Highway,32,Low,Bus,51
0,Fog,Rural,119,Medium,Car,76
7,Clear,Urban,86,High,Bus,35
13,Snow,Rural,59,Medium,Truck,48
15,Fog,Rural,38,Low,Bus,76
13,Fog,Urban,55,Medium,Motorcycle,44
11,Snow,Highway,31,Medium,Motorcycle,33
18,Rain,Rural,91,Low,Bus,75
22,Snow,Rural,32,Medium,Car,27
14,Rain,Highway,75,Medium,Car,57
1,Clear,Highway,97,Medium,Truck,29
1,Clear,Urban,54,High,Truck,39
22,Snow,Urban,80,Medium,Car,33
21,Snow,Urban,42,Low,Bus,29
18,Clear,Highway,73,High,Truck,28
21,Rain,Rural,64,High,Car,37
21,Clear,Rural,84,Low,Car,68
16,Snow,Urban,116,Medium,Bus,18
19,Clear,Highway,38,High,Motorcycle,44
9,Snow,Rural,31,High,Car,20
5,Snow,Urban,90,High,Truck,29
14,Clear,Rural,70,Medium,Bus,47
21,Rain,Rural,73,High,Bus,26
10,Fog,Highway,93,Low,Bus,70
4,Clear,Highway,60,Medium,Motorcycle,78
0,Fog,Rural,76,Low,Motorcycle,71
7,Clear,Urban,31,Low,Truck,54
20,Fog,Highway,111,High,Truck,18
11,Rain,Rural,106,High,Bus,59
11,Rain,Highway,98,High,Truck,66
4,Clear,Highway,87,Low,Car,21
6,Snow,Highway,73,Medium,Motorcycle,32
3,Fog,Rural,103,High,Bus,68
5,Snow,Urban,85,High,Bus,44
12,Snow,Urban,72,Low,Car,25
19,Snow,Urban,118,Medium,Car,77
14,Rain,Highway,63,Low,Car,77
2,Clear,Rural,59,High,Car,40
22,Clear,Highway,100,Low,Bus,32
7,Rain,Urban,99,High,Motorcycle,44
19,Rain,Urban,84,Medium,Motorcycle,48
15,Clear,Rural,96,Low,Car,56
12,Snow,Highway,42,High,Truck,64
17,Fog,Urban,32,High,Bus,25
9,Fog,Rural,55,High,Motorcycle,47
18,Fog,Highway,86,High,Car,75
16,Snow,Highway,53,Low,Truck,72
23,Clear,Urban,82,High,Truck,59
18,Rain,Urban,99,Low,Car,35
22,Clear,Highway,72,High,Bus,21
4,Snow,Highway,89,Low,Motorcycle,64
20,Rain,Urban,87,Low,Truck,60
22,Snow,Highway,78,High,Motorcycle,39
8,Fog,Urban,71,High,Motorcycle,20
11,Fog,Highway,105,High,Truck,32
20,Snow,Urban,95,High,Car,52
0,Rain,Rural,40,Medium,Truck,64
0,Rain,Urban,119,High,Truck,55
14,Clear,Urban,47,High,Bus,50
1,Fog,Rural,114,High,Motorcycle,31
21,Clear,Highway,81,Low,Car,65
15,Clear,Rural,75,High,Motorcycle,18
7,Snow,Urban,73,Low,Truck,70
12,Snow,Highway,51,Low,Car,66
20,Clear,Rural,82,Low,Car,43
0,Fog,Highway,88,Low,Car,25
15,Snow,Highway,59,Medium,Car,67
6,Clear,Rural,37,High,Bus,33
4,Clear,Highway,86,Low,Car,55
21,Clear,Rural,102,High,Truck,27
22,Clear,Urban,49,Low,Bus,59
2,Clear,Highway,54,Medium,Truck,54
11,Clear,Urban,48,Low,Truck,43
15,Snow,Urban,34,High,Motorcycle,45
18,Fog,Highway,104,High,Car,29
4,Clear,Rural,108,Medium,Car,37
21,Rain,Highway,101,High,Truck,66
13,Snow,Urban,112,High,Car,31
4,Snow,Urban,116,Low,Bus,63
14,Clear,Rural,56,High,Motorcycle,52
16,Snow,Highway,69,Low,Car,46
13,Clear,Urban,55,Medium,Car,29
19,Fog,Urban,56,High,Bus,69
4,Fog,Urban,91,Low,Motorcycle,35
11,Snow,Rural,112,High,Bus,61
15,Snow,Urban,79,Low,Truck,19
15,Rain,Urban,71,Medium,Truck,19
20,Snow,Highway,58,Low,Car,76
6,Rain,Highway,68,High,Motorcycle,34
3,Fog,Urban,89,Low,Truck,27
0,Fog,Urban,70,High,Bus,35
4,Clear,Highway,62,Medium,Truck,39
22,Fog,Rural,112,Low,Truck,36
9,Rain,Rural,112,High,Bus,75
21,Snow,Rural,45,High,Car,70
4,Clear,Rural,52,High,Motorcycle,18
3,Rain,Rural,36,Low,Car,41
1,Snow,Rural,55,Low,Bus,78
19,Clear,Rural,41,Low,Truck,53
9,Fog,Rural,101,Medium,Motorcycle,42
18,Rain,Highway,34,High,Car,53
0,Snow,Rural,98,High,Bus,79
23,Clear,Rural,78,Medium,Truck,48
4,Clear,Rural,55,Medium,Truck,48
12,Fog,Urban,34,Low,Car,19
3,Snow,Highway,51,Low,Bus,36
15,Fog,Highway,108,Low,Truck,70
23,Fog,Highway,42,Low,Truck,29
15,Snow,Rural,57,Low,Motorcycle,27
22,Snow,Rural,62,Low,Truck,48
1,Snow,Urban,52,Medium,Car,62
16,Rain,Highway,47,Medium,Bus,78
19,Snow,Rural,59,Medium,Bus,79
23,Clear,Highway,55,High,Motorcycle,39
11,Fog,Urban,45,High,Bus,40
17,Rain,Urban,106,Low,Car,69
2,Snow,Urban,68,Medium,Truck,40
0,Rain,Highway,62,High,Motorcycle,32
0,Snow,Rural,55,High,Bus,43
18,Rain,Rural,77,Medium,Motorcycle,20
10,Fog,Urban,94,High,Motorcycle,40
4,Fog,Rural,67,High,Bus,37
11,Clear,Urban,31,Medium,Motorcycle,78
2,Clear,Highway,35,High,Bus,62
0,Snow,Urban,75,Medium,Car,57
0,Fog,Highway,79,High,Bus,74
7,Rain,Urban,67,Medium,Truck,56
9,Rain,Rural,117,High,Bus,73
10,Rain,Rural,47,High,Truck,25
11,Clear,Urban,56,Medium,Motorcycle,35
12,Rain,Rural,70,High,Bus,58
11,Clear,Rural,101,Medium,Truck,23
13,Clear,Rural,103,Medium,Bus,44
1,Snow,Highway,46,High,Bus,53
18,Rain,Rural,91,Low,Bus,32
17,Rain,Highway,58,High,Car,54
2,Fog,Urban,87,Low,Truck,75
22,Snow,Rural,99,Low,Car,22
16,Fog,Rural,107,High,Car,56
7,Snow,Rural,51,Low,Truck,79
9,Rain,Urban,35,Medium,Bus,26
1,Clear,Highway,55,Medium,Car,24
18,Clear,Highway,68,Low,Car,58
8,Clear,Rural,41,Medium,Car,37
6,Clear,Urban,43,High,Bus,27
3,Clear,Urban,51,Medium,Car,79
20,Fog,Urban,80,Low,Motorcycle,43
17,Snow,Urban,52,High,Truck,21
12,Rain,Urban,77,Medium,Motorcycle,55
10,Fog,Highway,100,High,Bus,41
23,Snow,Highway,79,Low,Car,31
3,Clear,Highway,118,Medium,Truck,58
20,Snow,Rural,42,High,Car,18
3,Snow,Urban,114,High,Bus,34
9,Clear,Rural,39,Medium,Truck,62
4,Clear,Urban,84,High,Motorcycle,41
8,Clear,Highway,38,High,Truck,44
23,Rain,Rural,108,Low,Car,24
2,Clear,Highway,81,Low,Truck,26
16,Rain,Urban,31,Low,Bus,60
2,Clear,Urban,54,Low,Bus,52
15,Rain,Urban,42,Low,Truck,75
3,Snow,Highway,80,Low,Bus,29
17,Fog,Urban,87,Medium,Bus,38
16,Snow,Highway,63,Low,Bus,20
6,Snow,Rural,64,High,Motorcycle,32
23,Clear,Urban,32,Medium,Car,38
22,Rain,Urban,88,High,Bus,27
4,Fog,Urban,99,Low,Truck,50
11,Clear,Rural,77,Low,Bus,63
16,Clear,Urban,93,High,Motorcycle,76
22,Clear,Highway,48,High,Truck,69
12,Snow,Highway,96,High,Car,23
22,Rain,Urban,111,Medium,Truck,19
2,Rain,Urban,102,Low,Truck,46
8,Fog,Rural,105,High,Truck,72
16,Rain,Rural,34,Low,Truck,57
16,Rain,Rural,96,High,Bus,50
19,Clear,Urban,40,Low,Car,78
15,Clear,Rural,97,Medium,Bus,21
21,Snow,Rural,98,Low,Motorcycle,76
12,Clear,Highway,30,High,Motorcycle,21
18,Clear,Rural,120,Low,Truck,46
16,Clear,Highway,92,Medium,Bus,54
3,Clear,Highway,58,Medium,Bus,79
11,Snow,Rural,111,Low,Car,77
8,Clear,Highway,41,High,Car,77
18,Fog,Urban,106,Medium,Car,37
11,Fog,Urban,70,Medium,Bus,58
8,Fog,Rural,31,Low,Car,40
6,Fog,Urban,66,Medium,Car,62
13,Clear,Highway,74,Medium,Car,35
19,Fog,Urban,109,High,Truck,66
18,Clear,Rural,77,High,Motorcycle,42
14,Snow,Rural,53,High,Motorcycle,18
15,Fog,Highway,51,Low,Bus,71
20,Rain,Rural,40,Medium,Bus,32
4,Fog,Urban,87,Low,Truck,51
2,Fog,Rural,75,Medium,Motorcycle,65
11,Clear,Highway,58,Medium,Car,37
19,Fog,Rural,64,Medium,Car,71
20,Rain,Urban,44,High,Bus,54
3,Clear,Highway,89,Low,Motorcycle,44
20,Clear,Urban,71,Low,Bus,39
22,Snow,Highway,72,Medium,Bus,68
15,Snow,Rural,109,Low,Car,22
6,Fog,Highway,103,High,Car,51
12,Snow,Highway,78,Low,Motorcycle,56
20,Snow,Rural,93,Medium,Bus,20
9,Snow,Urban,61,High,Truck,34
6,Clear,Rural,93,High,Motorcycle,79
13,Clear,Highway,31,Medium,Bus,41
4,Clear,Rural,53,Low,Motorcycle,41
2,Snow,Highway,116,Medium,Motorcycle,20
22,Clear,Rural,95,Low,Motorcycle,62
10,Snow,Rural,67,Low,Truck,24
10,Clear,Urban,60,High,Truck,42
17,Clear,Highway,55,Medium,Car,73
14,Rain,Urban,58,High,Car,20
11,Fog,Highway,96,Medium,Bus,32
8,Snow,Rural,107,Medium,Motorcycle,46
9,Rain,Highway,54,High,Bus,67
11,Clear,Urban,77,Medium,Car,46
16,Snow,Urban,94,Medium,Truck,27
5,Clear,Urban,82,Low,Car,49
6,Fog,Highway,96,Medium,Bus,40
13,Rain,Urban,119,Medium,Car,56
12,Fog,Urban,47,High,Bus,26
7,Rain,Urban,38,High,Bus,54
9,Clear,Rural,67,Medium,Bus,69
8,Fog,Rural,116,Low,Bus,57
17,Fog,Highway,50,Low,Car,31
1,Clear,Highway,94,High,Bus,21
4,Fog,Urban,50,Medium,Bus,37
4,Snow,Rural,56,Medium,Motorcycle,45
5,Rain,Urban,99,Low,Bus,31
18,Rain,Urban,73,Low,Car,61
7,Rain,Rural,57,Low,Bus,51
15,Snow,Rural,74,High,Truck,30
12,Rain,Rural,46,Medium,Truck,48
0,Clear,Highway,69,High,Bus,50
21,Fog,Highway,32,Medium,Truck,69
19,Snow,Urban,105,High,Truck,56
16,Rain,Highway,105,Medium,Car,45
6,Clear,Rural,95,Low,Motorcycle,42
12,Fog,Rural,75,Low,Truck,49
3,Fog,Highway,115,Low,Truck,26
3,Snow,Urban,116,High,Motorcycle,45
5,Snow,Urban,59,Low,Motorcycle,75
18,Snow,Highway,98,Medium,Truck,48
11,Clear,Urban,38,High,Bus,34
21,Clear,Urban,114,Medium,Truck,70
6,Snow,Urban,40,High,Bus,40
9,Rain,Rural,98,Medium,Bus,30
18,Fog,Rural,120,Medium,Bus,72
6,Fog,Highway,95,High,Motorcycle,27
2,Clear,Rural,117,High,Truck,33
12,Fog,Urban,60,Low,Truck,23
12,Rain,Rural,62,Low,Car,65
17,Fog,Highway,68,Medium,Motorcycle,28
19,Clear,Rural,75,Medium,Car,75
7,Clear,Urban,66,Medium,Car,69
8,Rain,Urban,89,High,Bus,20
6,Rain,Highway,60,High,Motorcycle,45
0,Fog,Rural,40,Low,Car,78
2,Fog,Rural,116,Medium,Truck,58
12,Clear,Rural,31,Low,Car,32
16,Rain,Urban,56,High,Motorcycle,77
23,Rain,Highway,31,High,Truck,30
0,Rain,Rural,50,High,Truck,59
5,Fog,Urban,87,Low,Truck,69
20,Rain,Urban,34,High,Bus,73
5,Clear,Urban,81,Medium,Truck,62
11,Clear,Rural,74,Low,Bus,34
12,Fog,Rural,114,High,Bus,24
12,Snow,Rural,49,Low,Car,45
14,Fog,Rural,90,Low,Car,55
20,Snow,Rural,67,High,Truck,30
15,Rain,Rural,49,High,Motorcycle,77
21,Fog,Rural,54,Low,Truck,34
20,Clear,Rural,31,Low,Car,32
10,Rain,Rural,61,High,Truck,53
4,Clear,Urban,55,Medium,Car,45
3,Rain,Rural,99,Low,Truck,32
2,Fog,Highway,70,Low,Motorcycle,63
18,Snow,Urban,96,Medium,Truck,70
19,Rain,Rural,30,High,Motorcycle,28
17,Snow,Highway,80,High,Motorcycle,73
14,Rain,Rural,34,Medium,Truck,48
8,Clear,Highway,42,High,Motorcycle,21
16,Clear,Highway,48,High,Motorcycle,52
13,Rain,Highway,41,Low,Car,51
14,Snow,Highway,77,Low,Car,69
0,Fog,Urban,54,Low,Motorcycle,44
20,Fog,Urban,86,Medium,Bus,27
21,Clear,Highway,64,High,Truck,47
21,Fog,Rural,105,High,Motorcycle,62
2,Clear,Highway,34,Low,Truck,37
15,Fog,Urban,51,Low,Car,46
22,Rain,Rural,106,Medium,Truck,75
10,Clear,Urban,86,High,Motorcycle,70
11,Clear,Urban,76,Medium,Motorcycle,46
9,Rain,Rural,83,High,Motorcycle,40
15,Clear,Highway,32,Medium,Motorcycle,74
7,Fog,Highway,82,Low,Bus,67
5,Fog,Highway,113,Medium,Bus,38
11,Clear,Highway,60,Medium,Bus,65
23,Fog,Rural,98,Low,Motorcycle,60
20,Snow,Rural,117,High,Bus,27
7,Clear,Rural,62,High,Truck,58
3,Rain,Urban,101,Low,Motorcycle,29
7,Snow,Rural,117,Medium,Car,47
17,Clear,Highway,79,Medium,Motorcycle,78
4,Rain,Urban,113,Medium,Truck,68
8,Fog,Highway,45,High,Bus,50
3,Rain,Highway,105,Medium,Motorcycle,35
21,Snow,Rural,106,High,Bus,31
16,Fog,Rural,68,Medium,Motorcycle,39
8,Clear,Highway,118,Low,Truck,38
0,Fog,Highway,75,Low,Motorcycle,18
20,Clear,Urban,117,High,Bus,66
19,Clear,Rural,76,High,Bus,60
12,Rain,Urban,73,Low,Truck,69
15,Rain,Urban,38,Low,Motorcycle,77
12,Rain,Urban,116,Medium,Car,32
13,Snow,Highway,79,Low,Motorcycle,53
2,Snow,Urban,106,High,Truck,64
5,Rain,Urban,89,Low,Car,71
17,Snow,Highway,44,High,Truck,39
18,Fog,Rural,65,High,Motorcycle,49
4,Fog,Rural,92,Medium,Car,75
14,Snow,Urban,98,Medium,Truck,63
1,Snow,Highway,115,Medium,Bus,71
9,Fog,Rural,109,Medium,Car,50
23,Clear,Urban,70,Low,Car,75
17,Fog,Urban,103,Medium,Truck,58
12,Fog,Highway,53,Low,Bus,76
4,Snow,Urban,111,Medium,Car,56
22,Fog,Rural,78,Medium,Truck,40
23,Snow,Highway,47,High,Car,60
0,Snow,Rural,36,Low,Car,72
21,Rain,Rural,33,High,Car,19
0,Fog,Rural,119,Medium,Bus,19
17,Clear,Urban,98,Low,Motorcycle,55
14,Rain,Urban,89,Medium,Motorcycle,72
16,Snow,Rural,84,High,Bus,68
10,Snow,Rural,45,Low,Bus,46
20,Clear,Highway,119,High,Truck,69
21,Snow,Highway,111,Medium,Car,63
16,Fog,Urban,58,Medium,Bus,77
12,Rain,Urban,52,Medium,Truck,20
0,Snow,Highway,43,Low,Motorcycle,56
1,Snow,Rural,108,High,Motorcycle,24
8,Clear,Urban,78,High,Motorcycle,53
2,Fog,Rural,62,Medium,Motorcycle,46
0,Snow,Highway,54,High,Truck,72
20,Clear,Urban,50,Low,Car,54
15,Snow,Urban,46,Medium,Truck,66
22,Clear,Highway,52,Medium,Car,75
5,Clear,Urban,86,Medium,Motorcycle,53
16,Fog,Highway,110,Low,Bus,40
4,Snow,Urban,87,Medium,Bus,62
4,Fog,Highway,43,Medium,Bus,33
5,Clear,Urban,49,Medium,Car,65
2,Rain,Rural,59,Medium,Motorcycle,48
20,Snow,Rural,48,High,Truck,51
22,Rain,Rural,82,Medium,Bus,67
4,Snow,Urban,85,Low,Car,18
20,Fog,Urban,106,Medium,Bus,35
4,Fog,Rural,111,Medium,Truck,75
9,Fog,Rural,52,High,Motorcycle,79
9,Fog,Highway,91,Medium,Truck,57
18,Fog,Highway,62,High,Motorcycle,60
16,Rain,Highway,47,Low,Motorcycle,73
20,Fog,Rural,102,High,Motorcycle,73
13,Clear,Rural,62,Medium,Bus,32
8,Clear,Rural,61,Low,Truck,65
13,Rain,Highway,90,Medium,Bus,66
0,Snow,Urban,83,High,Truck,34
18,Clear,Rural,46,Low,Car,61
12,Snow,Urban,48,Low,Car,27
12,Rain,Urban,120,High,Truck,37
3,Snow,Urban,99,High,Truck,23
0,Snow,Highway,63,Low,Truck,25
16,Snow,Urban,113,Low,Truck,62
7,Snow,Rural,54,High,Motorcycle,51
1,Rain,Highway,97,Medium,Bus,78
7,Clear,Rural,103,Low,Motorcycle,49
6,Fog,Rural,103,High,Bus,68
1,Snow,Highway,117,Medium,Bus,71
21,Clear,Rural,114,Low,Bus,59
21,Clear,Rural,40,Low,Motorcycle,21
2,Rain,Highway,120,High,Truck,61
17,Clear,Rural,45,Medium,Motorcycle,67
11,Rain,Urban,119,Low,Motorcycle,56
0,Snow,Rural,90,Medium,Bus,37
21,Snow,Urban,109,Medium,Car,41
11,Fog,Rural,36,Low,Car,41
4,Fog,Highway,45,Medium,Motorcycle,72
16,Fog,Highway,45,Low,Bus,43
15,Clear,Rural,69,Medium,Motorcycle,42
14,Snow,Highway,41,Low,Motorcycle,53
22,Rain,Rural,64,High,Truck,24
14,Fog,Highway,50,Low,Bus,27
4,Rain,Urban,79,Low,Car,75
20,Rain,Rural,72,Low,Car,64
13,Fog,Urban,46,Medium,Car,29
1,Snow,Urban,61,High,Motorcycle,18
10,Fog,Rural,70,Medium,Bus,69
18,Rain,Urban,35,Medium,Truck,67
6,Fog,Rural,117,Low,Car,42
5,Rain,Urban,56,Medium,Bus,33
1,Rain,Rural,49,Low,Car,22
5,Fog,Rural,54,High,Truck,36
17,Clear,Highway,95,Medium,Bus,21
1,Fog,Rural,38,Medium,Motorcycle,23
17,Clear,Rural,82,Medium,Motorcycle,43
14,Rain,Urban,90,Low,Car,66
18,Rain,Rural,67,Low,Car,56
1,Clear,Highway,32,Medium,Bus,73
19,Rain,Urban,113,Medium,Truck,72
5,Clear,Urban,99,High,Car,56
0,Clear,Highway,84,High,Bus,26
23,Rain,Urban,30,High,Truck,62
14,Snow,Urban,99,High,Car,69
22,Clear,Urban,74,High,Car,31
9,Fog,Urban,76,Low,Bus,65
18,Fog,Highway,108,High,Car,72
16,Rain,Highway,55,High,Motorcycle,26
4,Snow,Urban,43,Medium,Truck,32
3,Rain,Urban,83,Low,Truck,54
9,Snow,Highway,100,High,Motorcycle,67
23,Clear,Highway,75,High,Bus,70
16,Clear,Highway,60,High,Motorcycle,37
9,Clear,Urban,117,Medium,Motorcycle,25
16,Clear,Urban,88,Medium,Truck,49
19,Fog,Rural,58,Medium,Bus,64
23,Fog,Highway,46,High,Car,38
4,Rain,Urban,43,Medium,Motorcycle,74
1,Snow,Highway,65,High,Motorcycle,58
5,Clear,Urban,87,Low,Bus,36
20,Clear,Highway,53,High,Motorcycle,46
1,Snow,Urban,92,Medium,Bus,75
12,Snow,Rural,120,Low,Car,48
10,Rain,Rural,54,High,Bus,71
10,Snow,Highway,88,Low,Car,23
15,Clear,Urban,61,Low,Bus,21
10,Clear,Urban,111,Low,Motorcycle,60
18,Clear,Highway,47,High,Car,46
14,Clear,Urban,66,Medium,Motorcycle,59
22,Clear,Highway,55,High,Car,20
22,Rain,Urban,38,Medium,Bus,18
15,Clear,Highway,93,High,Bus,61
10,Rain,Urban,101,High,Bus,72
21,Clear,Highway,49,High,Truck,32
15,Fog,Urban,83,Medium,Truck,64
7,Fog,Rural,115,High,Car,38
3,Fog,Urban,112,Low,Truck,63
7,Fog,Highway,59,High,Bus,75
3,Rain,Rural,82,Low,Truck,48
23,Rain,Urban,92,Medium,Truck,24
2,Snow,Rural,40,Medium,Motorcycle,34
2,Clear,Urban,60,High,Car,73
17,Fog,Rural,78,High,Car,36
18,Rain,Highway,116,High,Car,56
18,Clear,Urban,48,Low,Truck,77
20,Clear,Urban,41,Medium,Bus,20
4,Rain,Highway,44,Low,Motorcycle,47
17,Fog,Rural,60,Low,Car,52
9,Snow,Highway,72,High,Truck,75
21,Clear,Highway,66,High,Bus,74
20,Snow,Rural,108,Low,Motorcycle,46
5,Fog,Highway,58,Low,Motorcycle,67
0,Fog,Urban,55,High,Car,79
4,Snow,Urban,31,High,Car,69
8,Fog,Urban,113,Low,Bus,71
11,Clear,Highway,44,High,Truck,31
13,Snow,Urban,33,High,Bus,52
1,Fog,Urban,115,Low,Car,45
16,Snow,Urban,79,Low,Bus,75
13,Clear,Urban,67,Medium,Truck,47
12,Fog,Urban,52,Low,Motorcycle,43
8,Clear,Urban,88,High,Motorcycle,24
14,Fog,Highway,119,Low,Motorcycle,56
21,Rain,Urban,104,Low,Motorcycle,48
14,Fog,Urban,57,Low,Car,22
23,Snow,Rural,95,Medium,Car,52
10,Fog,Highway,37,Medium,Truck,67
15,Clear,Highway,58,High,Truck,64
16,Clear,Highway,40,Medium,Truck,69
3,Fog,Highway,47,Low,Truck,31
0,Snow,Urban,84,Medium,Bus,78
7,Rain,Urban,79,Low,Truck,53
16,Snow,Rural,43,Medium,Motorcycle,44
2,Rain,Rural,103,Medium,Motorcycle,41
19,Clear,Highway,38,Medium,Motorcycle,57
14,Snow,Rural,40,Low,Bus,46
14,Rain,Rural,92,Medium,Truck,70
23,Fog,Highway,105,Low,Motorcycle,62
21,Clear,Highway,96,Low,Motorcycle,39
13,Fog,Rural,82,High,Motorcycle,25
22,Clear,Urban,68,Medium,Motorcycle,32
13,Snow,Rural,107,High,Car,66
23,Snow,Rural,85,High,Truck,22
1,Clear,Urban,57,Low,Truck,69
12,Clear,Urban,104,Medium,Bus,21
13,Clear,Highway,68,Low,Car,28
23,Snow,Highway,54,Low,Bus,35
18,Rain,Rural,50,Medium,Motorcycle,59
6,Fog,Urban,39,Low,Bus,66
2,Fog,Highway,72,Medium,Motorcycle,47
14,Snow,Rural,44,Medium,Motorcycle,32
22,Fog,Urban,112,Low,Truck,23
13,Clear,Rural,77,Low,Truck,72
10,Rain,Highway,115,High,Truck,70
14,Fog,Highway,50,Low,Truck,33
12,Rain,Urban,89,Medium,Truck,64
17,Clear,Rural,79,High,Car,57
5,Fog,Urban,52,Medium,Truck,26
2,Snow,Highway,42,High,Bus,60
18,Rain,Highway,98,Low,Motorcycle,76
14,Clear,Rural,33,Low,Truck,51
22,Rain,Rural,107,Low,Car,44
4,Fog,Rural,101,Medium,Bus,30
9,Fog,Urban,38,High,Bus,53
6,Snow,Rural,64,Medium,Motorcycle,44
16,Clear,Rural,50,High,Bus,26
6,Clear,Highway,87,Low,Bus,22
21,Snow,Highway,47,Medium,Bus,68
11,Snow,Rural,101,Low,Bus,39
16,Clear,Rural,110,Medium,Car,48
12,Rain,Highway,72,Low,Motorcycle,20
19,Rain,Rural,35,Medium,Truck,47
3,Snow,Urban,115,Medium,Bus,38
9,Rain,Urban,107,High,Car,52
2,Clear,Urban,96,Low,Motorcycle,23
8,Fog,Rural,41,High,Truck,45
12,Fog,Highway,41,High,Motorcycle,49
17,Rain,Rural,95,Low,Car,59
14,Snow,Rural,31,Medium,Car,54
3,Snow,Highway,44,High,Car,79
14,Snow,Highway,52,Low,Bus,42
21,Snow,Highway,58,Medium,Car,49
1,Snow,Urban,110,High,Truck,52
14,Rain,Rural,36,High,Bus,39
7,Fog,Highway,57,High,Motorcycle,41
7,Fog,Rural,43,Medium,Truck,56
16,Rain,Urban,73,High,Bus,71
11,Snow,Urban,59,Medium,Car,47
18,Rain,Highway,110,High,Motorcycle,67
9,Fog,Highway,61,Low,Car,49
8,Clear,Rural,99,High,Truck,48
4,Rain,Highway,117,Low,Truck,40
5,Snow,Rural,35,Low,Bus,57
19,Fog,Highway,56,Low,Truck,50
1,Fog,Rural,111,Medium,Motorcycle,42
23,Fog,Rural,117,Low,Bus,53
12,Fog,Rural,53,High,Motorcycle,41
5,Snow,Rural,63,Medium,Car,48
4,Clear,Urban,69,Low,Motorcycle,75
0,Fog,Rural,76,Medium,Motorcycle,56
20,Rain,Highway,108,Medium,Truck,63
21,Clear,Urban,104,Medium,Car,30
20,Fog,Urban,115,High,Truck,27
5,Clear,Rural,53,Low,Car,40
5,Rain,Urban,94,Medium,Car,35
22,Fog,Rural,47,Medium,Motorcycle,49
15,Rain,Highway,73,Medium,Truck,50
3,Snow,Rural,105,Low,Motorcycle,53
10,Fog,Urban,86,Medium,Motorcycle,45
23,Fog,Highway,57,Medium,Motorcycle,33
22,Fog,Rural,100,High,Car,33
8,Fog,Highway,52,Low,Truck,35
22,Snow,Highway,114,High,Truck,25
2,Fog,Urban,63,Low,Motorcycle,59
18,Clear,Highway,40,Low,Car,33
7,Fog,Urban,115,Low,Truck,72
4,Snow,Highway,64,High,Bus,73
3,Fog,Rural,71,High,Truck,28
23,Clear,Highway,57,High,Motorcycle,23
5,Snow,Rural,111,High,Bus,18
1,Snow,Rural,107,Medium,Car,79
19,Clear,Highway,111,Medium,Bus,78
10,Clear,Rural,53,Medium,Bus,78
3,Clear,Highway,37,Low,Motorcycle,29
14,Clear,Highway,82,Medium,Truck,74
5,Clear,Rural,101,Low,Car,55
21,Snow,Rural,33,High,Bus,45
16,Snow,Urban,120,Low,Motorcycle,62
23,Fog,Rural,34,Low,Truck,75
5,Fog,Urban,78,Medium,Bus,34
18,Rain,Rural,59,High,Motorcycle,18
1,Fog,Highway,101,High,Motorcycle,49
14,Fog,Rural,92,Medium,Motorcycle,25
10,Clear,Highway,76,High,Car,71
7,Clear,Highway,55,High,Truck,57
18,Fog,Highway,86,High,Bus,73
12,Rain,Urban,66,Medium,Truck,60
11,Clear,Rural,36,High,Truck,63
4,Fog,Highway,69,Low,Bus,41
5,Fog,Highway,68,Low,Truck,27
21,Snow,Urban,91,High,Car,64
3,Rain,Rural,107,Medium,Bus,56
18,Snow,Rural,82,Medium,Bus,56
19,Rain,Urban,33,Medium,Motorcycle,27
0,Clear,Urban,111,High,Truck,53
19,Rain,Rural,54,High,Bus,42
16,Fog,Urban,36,Low,Bus,77
11,Fog,Rural,57,Medium,Car,67
14,Rain,Rural,98,Low,Motorcycle,76
0,Rain,Highway,96,Low,Bus,74
13,Rain,Highway,49,Medium,Car,27
5,Snow,Rural,112,High,Bus,36
4,Rain,Rural,40,High,Bus,63
10,Clear,Rural,96,Low,Bus,62
3,Snow,Rural,116,Low,Car,32
12,Snow,Rural,36,Low,Truck,33
10,Rain,Rural,52,Low,Bus,19
2,Clear,Urban,90,Medium,Bus,46
0,Snow,Rural,100,Low,Truck,21
5,Fog,Urban,63,Low,Bus,70
17,Snow,Urban,48,High,Motorcycle,67
23,Rain,Rural,87,High,Bus,46
9,Clear,Rural,38,High,Motorcycle,48
4,Rain,Urban,77,Medium,Truck,34
22,Fog,Urban,111,Medium,Car,27
9,Fog,Rural,70,High,Truck,44
11,Fog,Rural,77,High,Bus,70
1,Rain,Urban,74,Low,Motorcycle,58
12,Snow,Urban,54,Low,Car,32
7,Rain,Urban,107,Medium,Bus,77
1,Clear,Highway,54,Medium,Car,61
19,Snow,Urban,48,Low,Car,48
0,Fog,Highway,68,High,Bus,38
4,Rain,Rural,108,Low,Truck,77
8,Fog,Rural,109,Medium,Bus,76
16,Fog,Urban,56,Medium,Bus,75
8,Clear,Rural,103,Low,Truck,58
10,Snow,Rural,92,Low,Motorcycle,63
14,Clear,Rural,97,Low,Bus,62
23,Clear,Rural,48,Medium,Car,77
5,Clear,Highway,57,High,Bus,43
22,Fog,Highway,114,Low,Bus,55
2,Clear,Urban,107,Medium,Car,68
16,Clear,Urban,62,Medium,Truck,53
4,Snow,Urban,39,Medium,Motorcycle,69
11,Snow,Rural,112,Low,Motorcycle,34
17,Clear,Rural,59,Low,Car,68
13,Snow,Highway,51,High,Truck,20
20,Snow,Highway,32,Medium,Bus,78
23,Clear,Urban,111,Low,Bus,31
10,Fog,Highway,104,Medium,Bus,66
8,Clear,Highway,77,Medium,Bus,30
1,Snow,Highway,31,High,Bus,58
11,Fog,Highway,105,Low,Car,44
2,Rain,Highway,83,Low,Bus,18
2,Fog,Urban,35,Medium,Bus,74
0,Snow,Urban,69,Medium,Truck,34
7,Fog,Highway,31,High,Bus,65
21,Clear,Urban,102,High,Motorcycle,67
7,Rain,Rural,31,High,Car,51
10,Rain,Highway,103,High,Car,31
8,Rain,Rural,84,High,Car,71
4,Snow,Urban,101,High,Motorcycle,72
13,Snow,Urban,89,Medium,Bus,76
2,Rain,Rural,35,High,Car,34
20,Fog,Urban,48,Medium,Motorcycle,20
4,Rain,Highway,56,Medium,Truck,51
4,Fog,Rural,30,Low,Bus,57
18,Fog,Highway,62,Medium,Motorcycle,42
13,Snow,Rural,69,Medium,Bus,78
3,Fog,Urban,61,High,Truck,19
12,Rain,Rural,98,Medium,Motorcycle,51
9,Snow,Rural,46,High,Bus,43
17,Clear,Highway,37,High,Motorcycle,48
7,Clear,Urban,86,High,Car,26
7,Snow,Highway,71,Low,Bus,47
6,Rain,Urban,38,High,Motorcycle,37
7,Clear,Highway,116,Medium,Car,38
13,Clear,Rural,64,High,Truck,46
18,Fog,Highway,100,High,Bus,76
5,Fog,Urban,108,High,Bus,42
0,Rain,Urban,82,Low,Truck,55
22,Snow,Rural,83,Medium,Car,75
14,Rain,Urban,113,Low,Truck,61
0,Snow,Highway,54,Medium,Bus,42
16,Clear,Rural,96,Low,Motorcycle,26
0,Fog,Urban,91,Medium,Car,56
14,Rain,Urban,84,Low,Car,79
22,Rain,Highway,75,High,Car,61
1,Snow,Highway,53,Low,Truck,43
13,Snow,Rural,75,Low,Truck,74
20,Rain,Urban,51,High,Motorcycle,54
7,Snow,Highway,40,High,Motorcycle,33
7,Rain,Rural,77,Medium,Car,54
18,Rain,Urban,37,Medium,Motorcycle,29
6,Rain,Urban,68,Medium,Truck,41
18,Clear,Rural,64,Low,Motorcycle,43
5,Snow,Rural,78,Medium,Truck,37
5,Fog,Highway,75,Low,Motorcycle,26
2,Fog,Urban,67,Low,Bus,40
6,Snow,Urban,37,Medium,Truck,56
18,Rain,Urban,83,Medium,Bus,46
7,Fog,Rural,66,Low,Truck,48
9,Fog,Highway,120,High,Motorcycle,36
19,Snow,Urban,69,High,Bus,37
14,Fog,Rural,63,Low,Motorcycle,40
14,Rain,Urban,108,Medium,Truck,60
0,Snow,Highway,46,Low,Bus,44
19,Rain,Urban,62,Low,Car,47
6,Fog,Highway,76,Medium,Motorcycle,38
3,Fog,Highway,81,High,Truck,61
5,Rain,Urban,109,Low,Bus,52
0,Clear,Urban,38,High,Motorcycle,66
4,Fog,Highway,62,High,Bus,24
22,Clear,Rural,89,Medium,Motorcycle,39
0,Fog,Highway,106,Low,Motorcycle,27
3,Clear,Urban,50,Low,Motorcycle,40
21,Clear,Urban,87,High,Bus,32
1,Clear,Rural,114,High,Bus,47
9,Rain,Highway,98,Medium,Motorcycle,51
4,Clear,Highway,39,High,Car,30
9,Clear,Highway,35,Medium,Car,77
0,Clear,Urban,42,Low,Car,21
21,Fog,Highway,94,Medium,Truck,35
5,Clear,Rural,49,High,Car,73
12,Fog,Urban,86,Low,Bus,40
14,Clear,Urban,75,Medium,Car,50
3,Clear,Highway,37,Low,Bus,51
12,Rain,Rural,39,Medium,Truck,51
23,Fog,Urban,102,High,Bus,53
19,Clear,Urban,96,High,Bus,52
23,Fog,Highway,40,Low,Bus,34
14,Fog,Highway,41,Low,Car,45
7,Snow,Rural,39,Low,Motorcycle,31
4,Rain,Highway,54,Medium,Bus,51
14,Rain,Rural,78,High,Car,65
3,Rain,Urban,78,Low,Car,28
11,Snow,Rural,118,Low,Car,74
12,Snow,Rural,40,Low,Motorcycle,30
1,Rain,Rural,91,Medium,Motorcycle,50
18,Snow,Urban,65,Low,Motorcycle,74
18,Snow,Highway,68,Low,Motorcycle,72
3,Snow,Urban,82,Medium,Truck,19
3,Rain,Highway,119,Medium,Motorcycle,51
10,Rain,Rural,107,Low,Motorcycle,70
4,Rain,Rural,85,Low,Motorcycle,46
19,Snow,Rural,30,Medium,Bus,54
10,Rain,Rural,85,High,Bus,21
9,Snow,Rural,33,Medium,Motorcycle,29
7,Clear,Highway,59,High,Truck,43
5,Snow,Highway,41,Low,Bus,75
5,Fog,Rural,64,Low,Car,78
7,Rain,Urban,106,High,Bus,45
22,Rain,Urban,81,Medium,Car,20
14,Fog,Rural,60,Low,Bus,37
13,Snow,Highway,116,High,Motorcycle,27
10,Clear,Urban,97,Medium,Bus,69
11,Fog,Urban,81,High,Motorcycle,35
12,Fog,Urban,109,Medium,Motorcycle,70
7,Snow,Rural,36,Medium,Bus,70
17,Rain,Urban,51,Medium,Car,70
0,Snow,Urban,104,Medium,Car,44
14,Fog,Urban,85,High,Bus,48
7,Fog,Urban,87,High,Motorcycle,44
10,Rain,Highway,93,High,Car,59
11,Rain,Rural,41,High,Truck,18
11,Rain,Rural,36,High,Motorcycle,23
3,Snow,Highway,84,Medium,Bus,28
15,Rain,Highway,91,Low,Motorcycle,51
3,Fog,Rural,119,Low,Truck,56
4,Fog,Urban,102,High,Truck,37
23,Clear,Urban,106,High,Car,70
4,Snow,Rural,84,Low,Truck,38
7,Clear,Urban,65,Medium,Motorcycle,38
9,Fog,Highway,118,High,Car,35
16,Clear,Urban,53,Medium,Truck,38
8,Fog,Urban,73,Low,Car,36
21,Clear,Urban,46,Low,Car,21
18,Rain,Rural,31,High,Bus,30
13,Clear,Highway,42,Medium,Car,35
7,Rain,Urban,60,High,Car,69
8,Rain,Rural,57,Low,Truck,46
21,Snow,Urban,89,Medium,Motorcycle,42
10,Rain,Highway,56,High,Motorcycle,73
22,Rain,Urban,44,High,Truck,30
0,Clear,Highway,108,High,Motorcycle,79
13,Fog,Urban,62,Low,Car,44
4,Snow,Highway,49,High,Bus,77
20,Rain,Urban,71,Medium,Car,36
13,Snow,Highway,41,High,Car,66
3,Clear,Urban,102,Low,Bus,18
21,Rain,Urban,52,High,Truck,55
22,Clear,Rural,101,Low,Car,36
0,Snow,Rural,43,Low,Car,69
21,Clear,Highway,120,Medium,Truck,18
22,Snow,Urban,54,Medium,Car,57
18,Clear,Highway,106,High,Car,34
7,Snow,Rural,114,Low,Motorcycle,38
14,Fog,Highway,60,Low,Truck,39
20,Clear,Highway,83,Medium,Car,32
14,Clear,Rural,34,Medium,Car,67
8,Fog,Urban,42,High,Bus,56
20,Fog,Highway,57,Low,Bus,65
8,Clear,Rural,72,Medium,Bus,56
9,Fog,Urban,118,High,Car,49
19,Rain,Rural,76,Low,Car,66
20,Snow,Highway,100,Low,Bus,21
8,Snow,Urban,67,Medium,Motorcycle,61
2,Snow,Urban,96,High,Motorcycle,62
19,Rain,Rural,91,Medium,Motorcycle,49
10,Fog,Rural,68,High,Motorcycle,21
5,Fog,Rural,66,Low,Truck,70
1,Clear,Urban,115,High,Bus,18
6,Fog,Urban,37,High,Car,50
17,Clear,Highway,110,High,Bus,24
1,Rain,Urban,81,High,Motorcycle,26
16,Snow,Highway,120,High,Car,18
10,Snow,Rural,62,Medium,Truck,33
11,Snow,Rural,110,High,Bus,35
18,Fog,Urban,71,High,Car,71
21,Clear,Rural,105,Low,Car,64
23,Clear,Rural,56,High,Motorcycle,23
6,Rain,Urban,37,Low,Motorcycle,19
19,Fog,Highway,52,Medium,Bus,26
5,Rain,Urban,93,Medium,Truck,21
20,Clear,Highway,49,High,Car,62
23,Clear,Urban,45,Medium,Motorcycle,40
0,Snow,Urban,46,High,Bus,71
16,Fog,Rural,109,Medium,Motorcycle,60
10,Clear,Urban,48,High,Bus,62
21,Snow,Urban,37,High,Motorcycle,60
17,Fog,Highway,67,Low,Truck,68
20,Rain,Rural,67,Low,Car,25
16,Fog,Highway,82,Low,Motorcycle,56
6,Fog,Highway,119,Low,Car,42
16,Clear,Rural,60,High,Bus,33
19,Clear,Rural,73,Medium,Truck,52
8,Fog,Rural,89,High,Car,34
16,Clear,Urban,105,Low,Motorcycle,35
19,Clear,Rural,46,Low,Car,77
21,Clear,Rural,108,Medium,Car,44
21,Snow,Rural,102,Low,Bus,32
7,Snow,Highway,68,High,Truck,77
16,Fog,Highway,71,High,Truck,34
6,Clear,Urban,77,High,Car,60
0,Snow,Highway,41,High,Car,22
12,Fog,Urban,118,High,Bus,33
22,Clear,Highway,47,Medium,Car,32
18,Rain,Rural,108,High,Bus,59
23,Clear,Highway,35,Low,Truck,63
18,Clear,Urban,72,Low,Truck,51
16,Snow,Highway,64,Low,Bus,65
12,Fog,Rural,83,Low,Car,36
15,Fog,Urban,91,Medium,Truck,25
7,Snow,Rural,98,Low,Motorcycle,64
18,Clear,Rural,111,Medium,Bus,27
17,Rain,Urban,45,Low,Truck,79
0,Clear,Rural,37,Medium,Truck,22
13,Clear,Rural,118,Medium,Truck,69
18,Rain,Highway,119,Medium,Motorcycle,65
14,Snow,Rural,115,Low,Motorcycle,70
17,Fog,Rural,60,Medium,Motorcycle,43
1,Snow,Rural,39,High,Car,39
21,Snow,Rural,85,High,Bus,61
16,Clear,Urban,105,Low,Car,40
17,Fog,Highway,99,High,Motorcycle,79
5,Fog,Rural,49,High,Bus,30
18,Snow,Rural,34,High,Car,26
3,Rain,Urban,52,Low,Car,66
0,Snow,Rural,38,Low,Car,37
7,Rain,Urban,87,High,Motorcycle,45
22,Fog,Highway,88,Low,Truck,61
6,Snow,Highway,109,Medium,Bus,74
2,Clear,Rural,83,High,Motorcycle,54
9,Snow,Rural,75,Low,Bus,41
9,Fog,Rural,51,Low,Motorcycle,61
18,Clear,Urban,93,High,Car,50
13,Clear,Rural,37,Low,Car,37
1,Rain,Rural,49,High,Truck,77
0,Clear,Highway,80,Low,Truck,65
22,Clear,Rural,107,Medium,Bus,47
22,Snow,Highway,68,High,Truck,61
17,Fog,Rural,66,Medium,Truck,26
6,Rain,Highway,79,High,Bus,62
7,Snow,Rural,63,Low,Motorcycle,66
0,Clear,Highway,104,Medium,Truck,34
22,Clear,Urban,62,Low,Motorcycle,53
2,Rain,Highway,60,High,Car,31
23,Fog,Highway,83,High,Truck,36
22,Rain,Highway,73,High,Car,24
7,Snow,Rural,63,High,Car,76
21,Rain,Rural,100,High,Motorcycle,20
14,Clear,Rural,91,Medium,Bus,50
4,Snow,Urban,52,High,Truck,61
2,Clear,Urban,75,Low,Motorcycle,49
18,Fog,Highway,85,Medium,Bus,64
0,Clear,Urban,36,Low,Car,28
14,Clear,Highway,118,High,Truck,59
7,Rain,Highway,90,Low,Car,19
1,Clear,Highway,32,Medium,Car,43
2,Snow,Urban,67,Medium,Truck,78
23,Snow,Rural,113,Medium,Bus,21
13,Fog,Urban,63,Low,Bus,34
23,Snow,Highway,73,Medium,Truck,34
13,Rain,Highway,59,Low,Truck,45
10,Fog,Urban,46,High,Motorcycle,47
15,Snow,Highway,88,High,Motorcycle,57
3,Rain,Highway,39,Low,Car,40
19,Snow,Urban,113,Medium,Truck,63
4,Snow,Urban,47,Low,Bus,41
21,Clear,Urban,74,Low,Car,46
20,Snow,Highway,120,Low,Car,21
13,Snow,Highway,88,High,Car,55
22,Rain,Rural,91,Low,Car,46
15,Rain,Rural,88,High,Bus,36
17,Clear,Urban,78,Low,Car,44
6,Snow,Rural,92,High,Truck,46
9,Clear,Highway,116,Low,Motorcycle,73
6,Snow,Rural,61,Low,Bus,53
0,Fog,Highway,39,Medium,Truck,52
22,Fog,Urban,40,Medium,Truck,69
20,Clear,Urban,99,Low,Truck,23
18,Clear,Highway,91,Low,Motorcycle,76
15,Clear,Rural,76,Low,Motorcycle,40
18,Rain,Urban,63,Low,Motorcycle,56
3,Rain,Urban,46,Medium,Truck,63
17,Rain,Rural,83,High,Motorcycle,61
1,Clear,Rural,105,Low,Car,65
0,Snow,Highway,114,Medium,Motorcycle,69
14,Fog,Rural,69,Low,Bus,25
4,Clear,Rural,48,Low,Truck,72
19,Rain,Rural,96,High,Truck,19
10,Rain,Highway,111,Low,Car,30
9,Clear,Highway,82,Low,Motorcycle,57
1,Clear,Urban,93,High,Motorcycle,74
2,Rain,Highway,112,High,Bus,38
22,Snow,Urban,76,High,Car,48
22,Rain,Rural,35,High,Bus,69
11,Rain,Urban,45,Medium,Bus,65
19,Clear,Urban,101,Medium,Truck,53
4,Snow,Rural,47,Medium,Truck,78
4,Rain,Urban,81,Low,Motorcycle,65
5,Rain,Highway,77,High,Motorcycle,69
8,Fog,Highway,72,High,Bus,55
1,Clear,Highway,68,Medium,Motorcycle,44
20,Fog,Highway,78,Low,Bus,53
11,Fog,Urban,41,Low,Motorcycle,65
2,Rain,Urban,39,Low,Motorcycle,40
19,Clear,Rural,100,Medium,Truck,72
21,Snow,Urban,84,Low,Truck,38
11,Rain,Urban,30,Low,Truck,30
23,Snow,Urban,78,Low,Truck,54
16,Snow,Rural,65,High,Car,64
9,Clear,Highway,50,Medium,Truck,43
23,Fog,Urban,66,High,Car,57
13,Clear,Rural,53,High,Truck,24
22,Snow,Rural,84,Medium,Motorcycle,63
16,Rain,Rural,54,High,Bus,56
17,Snow,Highway,36,Low,Motorcycle,39
18,Rain,Urban,110,Low,Motorcycle,56
16,Rain,Rural,100,Low,Car,40
13,Clear,Highway,100,Low,Truck,75
8,Snow,Rural,53,Medium,Bus,47
7,Fog,Rural,40,High,Bus,35
1,Snow,Rural,102,High,Truck,79
12,Snow,Rural,41,Low,Car,59
6,Fog,Rural,64,Low,Car,35
8,Clear,Highway,92,High,Car,63
21,Snow,Urban,97,Medium,Bus,27
21,Snow,Urban,86,High,Car,56
10,Rain,Urban,42,Low,Car,47
13,Snow,Urban,52,Low,Bus,43
3,Fog,Highway,112,Medium,Bus,24
12,Rain,Highway,68,High,Motorcycle,24
1,Clear,Highway,117,Medium,Bus,22
22,Rain,Rural,109,Medium,Truck,18
4,Fog,Rural,41,Low,Bus,63
10,Fog,Rural,63,High,Bus,35
5,Rain,Urban,100,Low,Car,30
17,Clear,Rural,104,High,Motorcycle,42
20,Rain,Urban,60,Low,Car,57
9,Clear,Rural,91,Low,Motorcycle,25
3,Rain,Urban,42,High,Car,27
8,Fog,Rural,60,High,Truck,49
5,Snow,Rural,31,Low,Car,34
1,Snow,Highway,44,High,Car,55
16,Clear,Rural,86,Low,Truck,32
4,Clear,Rural,104,High,Truck,32
5,Clear,Highway,63,Low,Bus,74
11,Fog,Urban,97,Low,Car,65
22,Rain,Highway,104,Low,Truck,57
20,Fog,Highway,58,Medium,Truck,68
9,Snow,Urban,95,High,Bus,37
21,Clear,Rural,45,Low,Motorcycle,32
20,Rain,Urban,68,Medium,Truck,52
5,Snow,Rural,106,Low,Truck,23
7,Snow,Rural,66,Medium,Car,47
1,Snow,Urban,110,Low,Bus,74
11,Fog,Highway,50,Low,Car,25
12,Clear,Urban,73,Medium,Motorcycle,48
20,Snow,Rural,48,Medium,Bus,65
6,Clear,Urban,100,High,Car,64
9,Fog,Urban,37,High,Truck,49
12,Snow,Rural,106,Medium,Truck,62
16,Fog,Highway,95,High,Bus,75
20,Fog,Urban,70,Medium,Truck,69
13,Clear,Rural,104,High,Car,32
1,Snow,Rural,117,Low,Bus,35
21,Fog,Urban,99,High,Truck,30
10,Snow,Highway,90,Low,Truck,41
0,Clear,Urban,55,Low,Motorcycle,57
18,Fog,Highway,100,High,Motorcycle,31
20,Clear,Highway,112,Medium,Bus,45
3,Snow,Highway,99,Low,Motorcycle,28
18,Snow,Highway,58,Low,Car,23
20,Clear,Urban,95,High,Truck,79
10,Rain,Rural,48,Medium,Truck,73
7,Fog,Rural,97,Medium,Truck,42
10,Snow,Rural,87,High,Bus,78
3,Snow,Rural,99,Medium,Bus,18
16,Fog,Rural,86,High,Motorcycle,42
6,Clear,Rural,66,High,Truck,19
7,Clear,Urban,90,High,Truck,79
2,Clear,Highway,59,Low,Truck,49
21,Rain,Rural,100,Low,Truck,30
1,Rain,Urban,102,Low,Truck,50
22,Snow,Rural,54,High,Car,49
14,Clear,Rural,94,Low,Truck,73
23,Fog,Highway,35,Low,Car,41
21,Snow,Highway,47,Low,Truck,44
21,Fog,Highway,39,High,Bus,21
4,Snow,Rural,40,High,Bus,41
23,Rain,Rural,94,High,Car,40
0,Snow,Rural,106,Low,Truck,46
3,Rain,Highway,113,Medium,Bus,51
14,Snow,Urban,94,Low,Bus,38
19,Clear,Rural,81,Low,Truck,47
18,Fog,Rural,96,High,Truck,43
2,Clear,Rural,111,High,Bus,37
19,Snow,Urban,107,Low,Truck,33
10,Snow,Rural,60,Low,Motorcycle,20
16,Snow,Urban,120,Medium,Truck,66
12,Rain,Rural,46,Medium,Bus,54
10,Fog,Urban,84,High,Bus,75
1,Fog,Rural,65,Medium,Car,57
8,Snow,Highway,55,Medium,Motorcycle,61
1,Snow,Highway,82,High,Bus,42
20,Rain,Highway,46,Medium,Motorcycle,40
8,Clear,Highway,115,Low,Truck,61
8,Clear,Rural,54,Medium,Bus,76
7,Fog,Highway,31,High,Car,18
16,Rain,Urban,115,Low,Bus,50
0,Snow,Highway,34,Medium,Car,32
10,Fog,Highway,33,Low,Motorcycle,34
7,Rain,Highway,65,Low,Car,51
9,Clear,Rural,35,Medium,Truck,34
6,Rain,Highway,50,Medium,Truck,69
2,Clear,Urban,106,High,Truck,75
2,Rain,Highway,118,High,Bus,58
17,Fog,Highway,55,Low,Truck,61
4,Clear,Highway,84,High,Truck,21
11,Fog,Urban,68,Low,Bus,30
11,Fog,Highway,113,Low,Motorcycle,21
18,Clear,Urban,62,High,Truck,24
5,Clear,Urban,43,High,Truck,63
1,Snow,Highway,85,High,Bus,76
11,Snow,Urban,110,Medium,Motorcycle,26
18,Snow,Rural,50,Low,Motorcycle,40
4,Fog,Highway,75,Low,Motorcycle,50
11,Fog,Highway,45,Low,Bus,50
16,Snow,Urban,45,High,Car,37
16,Fog,Urban,113,High,Car,21
9,Fog,Highway,58,High,Truck,18
22,Clear,Rural,37,High,Truck,71
16,Clear,Urban,117,High,Truck,59
14,Fog,Urban,32,Medium,Car,51
11,Snow,Rural,118,High,Bus,44
15,Rain,Rural,48,Low,Truck,38
23,Snow,Highway,95,High,Bus,41
18,Rain,Rural,108,Low,Truck,32
7,Snow,Highway,115,High,Bus,52
20,Clear,Rural,103,High,Bus,42
16,Fog,Urban,111,Low,Car,72
22,Fog,Highway,51,Low,Bus,26
4,Clear,Highway,75,Low,Motorcycle,34
21,Rain,Highway,120,Low,Car,38
15,Rain,Rural,42,Medium,Truck,77
5,Rain,Urban,62,Low,Car,30
7,Clear,Highway,34,High,Motorcycle,20
17,Rain,Highway,119,High,Motorcycle,21
11,Clear,Highway,106,Medium,Bus,21
14,Snow,Highway,56,Low,Motorcycle,60
8,Snow,Urban,107,High,Motorcycle,45
12,Clear,Rural,53,Medium,Motorcycle,24
14,Fog,Urban,96,High,Motorcycle,43
9,Snow,Highway,92,Medium,Truck,28
15,Rain,Urban,77,Medium,Truck,41
6,Clear,Highway,92,Low,Car,60
16,Rain,Rural,107,Medium,Bus,27
22,Rain,Rural,41,High,Truck,54
20,Fog,Rural,57,High,Motorcycle,30
21,Rain,Highway,73,Low,Bus,78
6,Fog,Urban,72,Low,Truck,61
13,Snow,Rural,46,Medium,Car,59
14,Clear,Highway,69,Low,Motorcycle,56
20,Rain,Highway,78,High,Bus,36
6,Clear,Urban,114,High,Truck,68
8,Rain,Rural,86,Low,Bus,36
18,Clear,Highway,116,Low,Truck,29
15,Rain,Urban,113,Low,Car,69
7,Rain,Rural,93,Medium,Motorcycle,39
17,Rain,Urban,104,Medium,Car,64
22,Rain,Urban,86,High,Motorcycle,54
17,Rain,Highway,103,Medium,Motorcycle,73
19,Rain,Highway,103,Medium,Bus,47
6,Rain,Highway,99,Medium,Truck,63
2,Rain,Urban,117,Medium,Car,29
17,Rain,Highway,105,High,Car,46
9,Clear,Urban,72,Low,Car,38
6,Fog,Urban,52,High,Bus,28
16,Rain,Highway,56,Medium,Bus,77
13,Fog,Rural,87,Low,Bus,54
23,Rain,Rural,66,Low,Motorcycle,65
2,Rain,Rural,35,Low,Car,79
11,Clear,Urban,94,High,Motorcycle,75
12,Snow,Urban,35,Low,Car,35
1,Snow,Urban,79,High,Car,61
2,Clear,Highway,51,High,Truck,76
4,Fog,Urban,117,Medium,Car,44
10,Snow,Highway,54,Medium,Bus,54
7,Clear,Highway,108,Low,Bus,65
22,Clear,Rural,119,Low,Bus,29
22,Snow,Rural,101,Medium,Truck,40
11,Fog,Rural,80,High,Truck,51
6,Clear,Highway,117,High,Motorcycle,79
14,Rain,Highway,77,Medium,Car,78
23,Fog,Highway,99,High,Car,55
16,Fog,Urban,94,Medium,Bus,40
3,Snow,Highway,89,Medium,Bus,70
21,Snow,Rural,75,Low,Bus,42
12,Rain,Rural,65,Low,Bus,79
17,Clear,Highway,87,Medium,Bus,21
0,Snow,Highway,105,Low,Bus,47
15,Snow,Rural,67,Medium,Car,47
12,Fog,Highway,40,High,Truck,30
9,Snow,Rural,41,High,Bus,59
11,Snow,Urban,71,High,Car,66
1,Snow,Rural,68,High,Bus,31
22,Snow,Urban,100,Medium,Motorcycle,73
2,Fog,Highway,40,High,Motorcycle,64
9,Rain,Highway,65,High,Car,25
1,Rain,Urban,81,High,Truck,72
22,Clear,Highway,60,High,Motorcycle,41
12,Snow,Urban,62,Medium,Motorcycle,35
12,Fog,Highway,42,High,Truck,52
17,Clear,Rural,47,Low,Motorcycle,42
2,Clear,Highway,70,Low,Bus,34
6,Rain,Rural,87,Low,Truck,49
13,Fog,Rural,85,Low,Motorcycle,73
19,Fog,Urban,53,Low,Truck,41
16,Fog,Highway,102,Low,Bus,24
20,Rain,Urban,60,Medium,Motorcycle,30
11,Rain,Highway,84,Low,Car,79
15,Rain,Rural,39,High,Motorcycle,44
23,Rain,Rural,89,Low,Motorcycle,65
11,Rain,Highway,31,Medium,Bus,22
14,Snow,Highway,44,Low,Car,53
9,Snow,Urban,32,High,Car,43
6,Fog,Highway,72,High,Car,59
19,Clear,Highway,60,Medium,Bus,62
4,Fog,Highway,99,Medium,Bus,48
0,Clear,Urban,96,Medium,Bus,27
16,Rain,Highway,85,Medium,Bus,63
2,Clear,Rural,92,Low,Bus,43
12,Fog,Urban,104,Low,Car,39
13,Fog,Urban,44,High,Truck,29
23,Clear,Rural,39,Medium,Bus,49
17,Snow,Rural,67,Medium,Truck,44
3,Rain,Rural,76,Low,Motorcycle,50
17,Rain,Highway,86,Medium,Motorcycle,78
4,Fog,Rural,79,High,Bus,70
15,Snow,Highway,100,High,Motorcycle,79
0,Clear,Urban,44,Medium,Truck,69
20,Rain,Urban,47,High,Motorcycle,37
13,Snow,Rural,111,High,Motorcycle,56
14,Rain,Highway,117,Low,Truck,58
8,Snow,Rural,31,High,Motorcycle,57
14,Snow,Rural,113,Medium,Bus,76
16,Fog,Highway,72,Medium,Truck,30
23,Rain,Rural,55,High,Truck,31
3,Clear,Urban,100,Medium,Car,61
11,Fog,Rural,67,Low,Car,57
4,Fog,Highway,71,High,Truck,70
4,Clear,Highway,34,High,Truck,39
10,Fog,Urban,40,High,Car,35
5,Snow,Highway,94,Medium,Bus,65
6,Snow,Highway,63,Medium,Motorcycle,46
23,Rain,Urban,30,High,Motorcycle,60
13,Rain,Rural,112,Medium,Motorcycle,33
23,Clear,Urban,31,Medium,Truck,63
10,Rain,Rural,114,High,Bus,52
12,Snow,Urban,49,High,Car,70
1,Clear,Rural,90,Medium,Bus,51
6,Clear,Urban,116,High,Bus,20
19,Rain,Rural,50,High,Motorcycle,21
3,Snow,Urban,117,High,Car,71
7,Clear,Rural,97,High,Bus,22
19,Snow,Urban,41,Medium,Car,27
21,Snow,Highway,51,High,Truck,69
20,Snow,Rural,49,Low,Motorcycle,46
18,Rain,Urban,111,High,Car,49
12,Fog,Rural,30,Low,Truck,48
13,Fog,Rural,59,High,Truck,19
9,Clear,Urban,53,Low,Truck,29
10,Snow,Rural,43,Low,Bus,44
1,Rain,Urban,65,High,Bus,22
8,Snow,Highway,98,High,Motorcycle,54
16,Snow,Rural,104,High,Motorcycle,44
2,Rain,Highway,53,Low,Truck,40
23,Fog,Rural,89,Medium,Motorcycle,50
5,Snow,Rural,84,Medium,Bus,21
4,Snow,Rural,106,High,Motorcycle,76
4,Fog,Urban,109,Medium,Car,38
21,Rain,Highway,53,Medium,Bus,41
14,Clear,Rural,106,High,Truck,61
22,Fog,Urban,53,Low,Truck,48
16,Clear,Rural,83,High,Motorcycle,61
8,Clear,Urban,55,Medium,Bus,65
2,Fog,Rural,95,Low,Truck,41
19,Snow,Highway,109,Medium,Truck,66
16,Clear,Highway,67,Low,Bus,70
9,Clear,Rural,94,Medium,Bus,27
2,Rain,Urban,104,High,Truck,66
17,Snow,Rural,80,Medium,Motorcycle,66
17,Clear,Urban,64,Medium,Motorcycle,67
16,Rain,Rural,72,Low,Motorcycle,19
23,Snow,Urban,58,Medium,Car,48
2,Fog,Highway,66,High,Bus,42
2,Fog,Rural,110,High,Truck,21
5,Rain,Highway,87,High,Car,68
12,Fog,Highway,83,Low,Motorcycle,28
23,Clear,Rural,68,Low,Car,34
14,Snow,Rural,71,Medium,Truck,61
8,Clear,Urban,57,Medium,Truck,19
3,Clear,Urban,58,Medium,Bus,23
13,Fog,Highway,72,Low,Motorcycle,26
4,Clear,Urban,32,Low,Motorcycle,22
1,Fog,Urban,39,Medium,Car,37
10,Snow,Rural,88,Low,Motorcycle,46
8,Snow,Urban,43,Low,Car,38
23,Clear,Highway,105,High,Truck,26
2,Rain,Urban,76,High,Truck,45
8,Fog,Highway,71,Medium,Truck,78
2,Fog,Rural,61,Medium,Truck,72
1,Clear,Highway,61,High,Truck,25
11,Fog,Urban,71,Low,Car,48
9,Fog,Rural,61,Medium,Truck,37
8,Rain,Urban,55,Medium,Car,44
14,Rain,Rural,30,Medium,Truck,25
7,Clear,Rural,85,Low,Car,71
4,Rain,Urban,31,High,Car,38
10,Clear,Urban,110,Medium,Car,78
1,Snow,Rural,59,High,Motorcycle,45
23,Clear,Rural,100,High,Car,40
14,Snow,Urban,81,Low,Car,23
5,Clear,Highway,120,Low,Truck,20
7,Fog,Urban,38,Low,Car,22
4,Rain,Rural,51,Low,Car,26
15,Snow,Urban,63,Low,Bus,24
17,Clear,Highway,78,Low,Motorcycle,77
5,Rain,Urban,30,Medium,Bus,21
4,Clear,Rural,102,High,Truck,56
15,Rain,Urban,113,Low,Motorcycle,22
12,Rain,Rural,82,Medium,Motorcycle,28
4,Clear,Rural,112,High,Bus,78
12,Snow,Urban,69,Low,Motorcycle,32
16,Snow,Rural,74,Low,Bus,51
17,Fog,Rural,97,Medium,Car,30
7,Rain,Highway,38,High,Bus,71
12,Fog,Highway,51,Low,Motorcycle,65
18,Fog,Highway,47,High,Motorcycle,24
2,Clear,Highway,105,Medium,Truck,57
23,Clear,Rural,72,Low,Truck,23
7,Clear,Urban,68,High,Truck,73
1,Rain,Rural,102,Medium,Truck,56
7,Clear,Rural,35,Medium,Motorcycle,67
12,Clear,Rural,112,Low,Truck,47
12,Rain,Urban,77,High,Bus,39
0,Rain,Highway,36,Low,Car,42
5,Snow,Rural,109,Low,Motorcycle,45
23,Clear,Rural,98,High,Truck,71
18,Clear,Highway,45,High,Motorcycle,37
15,Clear,Rural,30,High,Truck,56
7,Snow,Urban,66,Medium,Motorcycle,20
0,Clear,Rural,112,Medium,Truck,22
15,Snow,Rural,66,High,Car,18
8,Fog,Highway,110,Medium,Truck,32
12,Snow,Rural,93,Low,Bus,43
10,Fog,Rural,119,High,Motorcycle,20
12,Clear,Urban,115,Low,Motorcycle,57
20,Fog,Highway,91,High,Bus,74
9,Snow,Highway,101,Low,Bus,58
3,Rain,Urban,90,High,Car,64
5,Fog,Rural,62,Low,Motorcycle,59
6,Fog,Highway,95,High,Car,51
4,Clear,Highway,59,High,Motorcycle,69
10,Snow,Rural,49,Medium,Motorcycle,22
12,Fog,Rural,89,Low,Car,48
18,Fog,Highway,111,Medium,Motorcycle,68
22,Fog,Rural,103,Low,Motorcycle,30
9,Fog,Highway,53,Medium,Car,60
9,Rain,Rural,33,High,Truck,18
10,Snow,Rural,66,Medium,Car,39
20,Clear,Urban,33,Medium,Motorcycle,79
6,Clear,Rural,106,High,Bus,32
17,Rain,Urban,118,Medium,Truck,43
3,Snow,Rural,106,High,Bus,35
1,Fog,Highway,47,Low,Truck,65
13,Rain,Highway,117,Medium,Bus,26
12,Snow,Rural,95,High,Truck,18
11,Fog,Rural,77,High,Car,60
6,Rain,Highway,62,Medium,Truck,26
1,Snow,Rural,87,Low,Truck,40
12,Clear,Urban,112,Medium,Truck,60
13,Clear,Urban,102,High,Motorcycle,62
16,Snow,Urban,57,Low,Bus,75
8,Clear,Urban,64,Medium,Car,19
16,Snow,Urban,39,High,Bus,31
7,Fog,Rural,94,Medium,Bus,55
1,Snow,Rural,71,Low,Car,57
23,Fog,Urban,114,Low,Motorcycle,35
12,Rain,Rural,38,Low,Truck,33
2,Snow,Rural,89,Low,Motorcycle,70
15,Rain,Urban,44,Low,Motorcycle,46
5,Clear,Rural,86,Medium,Truck,61
18,Fog,Rural,98,Low,Bus,28
6,Snow,Rural,51,Low,Truck,23
9,Rain,Urban,93,High,Car,20
8,Fog,Rural,70,Low,Truck,31
1,Fog,Highway,116,High,Bus,77
14,Clear,Highway,100,High,Motorcycle,19
4,Clear,Urban,85,High,Motorcycle,49
21,Fog,Highway,52,Medium,Truck,48
3,Fog,Urban,54,Medium,Car,28
19,Snow,Highway,120,High,Bus,39
3,Fog,Highway,35,Medium,Motorcycle,20
17,Snow,Highway,63,Low,Truck,67
3,Fog,Urban,92,Medium,Car,48
16,Clear,Urban,38,Low,Car,50
11,Snow,Rural,89,Low,Motorcycle,79
21,Rain,Urban,78,Medium,Motorcycle,41
16,Clear,Highway,80,Medium,Bus,18
9,Snow,Highway,89,High,Car,61
21,Snow,Urban,99,Medium,Bus,32
0,Rain,Urban,66,Medium,Car,54
21,Snow,Urban,60,Medium,Car,44
23,Fog,Rural,70,Low,Truck,55
17,Rain,Highway,91,Low,Motorcycle,65
17,Clear,Rural,87,Low,Car,44
13,Clear,Rural,43,High,Bus,61
14,Fog,Highway,65,High,Motorcycle,29
11,Clear,Highway,65,High,Bus,20
3,Snow,Urban,108,Low,Motorcycle,47
2,Snow,Urban,37,Medium,Motorcycle,49
19,Fog,Rural,55,High,Car,40
11,Clear,Urban,65,High,Truck,19
6,Clear,Urban,77,Low,Car,24
10,Fog,Highway,114,High,Motorcycle,51
0,Rain,Highway,57,Medium,Car,49
5,Clear,Urban,97,Low,Car,70
14,Rain,Highway,91,Low,Motorcycle,56
14,Clear,Urban,109,Medium,Motorcycle,49
18,Clear,Highway,115,Medium,Car,60
10,Clear,Highway,105,Medium,Car,60
22,Clear,Highway,109,High,Car,31
1,Snow,Highway,80,Medium,Bus,20
13,Rain,Urban,71,Low,Car,63
1,Rain,Rural,58,Medium,Bus,49
3,Clear,Highway,111,Low,Truck,60
16,Clear,Urban,39,Low,Bus,53
2,Rain,Urban,68,High,Car,34
12,Snow,Highway,111,Medium,Truck,65
8,Fog,Rural,30,High,Bus,20
6,Fog,Highway,68,Medium,Bus,74
14,Rain,Urban,50,Medium,Motorcycle,27
22,Clear,Rural,94,Medium,Truck,70
10,Clear,Urban,44,Medium,Motorcycle,64
19,Snow,Highway,33,Medium,Truck,57
1,Fog,Rural,89,Low,Bus,35
14,Snow,Urban,90,Low,Motorcycle,20
13,Fog,Urban,49,Medium,Car,56
19,Rain,Urban,39,Low,Bus,79
21,Fog,Highway,116,High,Truck,27
10,Snow,Rural,63,High,Truck,69
2,Snow,Highway,77,High,Motorcycle,26
16,Snow,Highway,62,Medium,Motorcycle,63
11,Rain,Highway,90,Medium,Truck,72
23,Fog,Rural,39,Low,Bus,63
20,Fog,Highway,83,Low,Motorcycle,28
14,Snow,Highway,113,Low,Car,77
15,Fog,Highway,94,High,Truck,50
4,Clear,Highway,106,High,Car,53
19,Clear,Urban,30,High,Truck,43
5,Clear,Highway,34,High,Car,44
18,Fog,Urban,109,Low,Bus,55
4,Rain,Highway,44,Medium,Truck,39
2,Rain,Rural,57,Medium,Bus,43
0,Rain,Urban,52,High,Motorcycle,39
5,Rain,Urban,46,Medium,Truck,22
14,Clear,Urban,42,Medium,Bus,52
1,Clear,Urban,43,Medium,Car,19
2,Snow,Rural,40,High,Bus,52
16,Fog,Highway,57,Low,Truck,26
23,Fog,Urban,71,Low,Bus,68
11,Rain,Rural,90,Medium,Car,68
17,Clear,Urban,93,Low,Car,66
14,Rain,Highway,60,Low,Car,35
11,Snow,Urban,110,High,Motorcycle,60
15,Fog,Rural,102,High,Truck,29
7,Fog,Highway,39,Medium,Car,20
13,Rain,Rural,37,Medium,Motorcycle,35
16,Snow,Highway,50,Medium,Car,73
20,Fog,Highway,106,High,Bus,55
7,Snow,Highway,88,Low,Truck,24
14,Snow,Urban,79,High,Bus,50
13,Rain,Rural,98,High,Motorcycle,23
17,Clear,Rural,99,Low,Bus,35
19,Rain,Rural,59,Low,Bus,62
6,Clear,Highway,46,Medium,Car,39
2,Snow,Urban,104,Low,Bus,68
11,Clear,Highway,49,Low,Car,56
20,Snow,Rural,77,Low,Car,68
23,Fog,Urban,102,Low,Truck,26
2,Fog,Urban,31,Medium,Motorcycle,52
19,Fog,Urban,66,Medium,Motorcycle,40
13,Rain,Rural,30,Low,Motorcycle,29
14,Rain,Urban,33,Low,Car,69
13,Snow,Urban,83,Medium,Motorcycle,41
6,Fog,Highway,54,Medium,Car,79
16,Rain,Highway,32,Low,Truck,67
11,Fog,Urban,38,High,Motorcycle,57
19,Rain,Urban,115,Medium,Car,26
3,Clear,Highway,116,Medium,Motorcycle,30
8,Clear,Highway,105,Medium,Motorcycle,57
5,Fog,Highway,103,Low,Truck,71
15,Snow,Rural,63,Low,Bus,59
21,Rain,Rural,72,Medium,Motorcycle,34
21,Rain,Highway,103,Low,Truck,24
20,Clear,Urban,51,Low,Motorcycle,34
20,Clear,Highway,99,Medium,Motorcycle,72
1,Snow,Rural,31,Low,Motorcycle,79
23,Snow,Urban,95,High,Motorcycle,67
7,Snow,Rural,61,Low,Bus,41
10,Fog,Urban,45,Low,Bus,19
12,Clear,Rural,105,Medium,Motorcycle,52
16,Fog,Urban,30,Medium,Motorcycle,78
7,Clear,Urban,101,High,Truck,45
20,Clear,Urban,77,Low,Truck,36
17,Rain,Urban,79,High,Car,50
17,Clear,Rural,42,High,Bus,38
13,Clear,Rural,44,Medium,Motorcycle,70
14,Fog,Urban,82,Low,Bus,27
5,Clear,Urban,73,Medium,Truck,70
10,Fog,Rural,37,High,Bus,63
12,Snow,Urban,103,High,Bus,62
0,Clear,Urban,75,Medium,Motorcycle,26
5,Clear,Urban,98,Medium,Motorcycle,55
8,Fog,Highway,48,Medium,Truck,23
7,Snow,Urban,67,Medium,Motorcycle,68
10,Rain,Highway,40,Medium,Truck,70
21,Snow,Urban,72,High,Truck,59
18,Fog,Rural,49,Medium,Car,72
23,Snow,Highway,49,Low,Car,52
8,Fog,Highway,50,High,Car,35
16,Fog,Urban,111,High,Bus,70
11,Rain,Urban,86,Low,Car,36
13,Clear,Highway,79,Low,Motorcycle,22
14,Fog,Rural,103,High,Motorcycle,42
15,Fog,Rural,55,Medium,Car,28
21,Rain,Urban,59,High,Bus,27
21,Fog,Rural,102,High,Truck,34
19,Clear,Rural,60,Low,Bus,53
0,Rain,Urban,71,High,Bus,43
9,Clear,Rural,97,Medium,Truck,48
7,Clear,Urban,90,Low,Truck,49
17,Rain,Highway,90,High,Truck,38
0,Fog,Urban,99,High,Motorcycle,35
1,Clear,Highway,107,Medium,Truck,77
0,Clear,Highway,97,High,Truck,35
0,Clear,Rural,119,High,Bus,18
8,Clear,Rural,46,High,Bus,31
12,Rain,Rural,48,High,Car,25
0,Rain,Urban,80,Medium,Bus,19
12,Snow,Rural,99,High,Truck,68
19,Snow,Highway,92,High,Motorcycle,32
21,Clear,Rural,104,High,Bus,77
6,Fog,Rural,109,Low,Bus,51
1,Clear,Urban,59,Medium,Truck,53
5,Fog,Urban,54,Low,Bus,79
6,Clear,Highway,104,Low,Bus,18
13,Snow,Urban,100,Medium,Truck,68
17,Snow,Rural,55,Low,Bus,38
14,Fog,Urban,85,Low,Motorcycle,59
1,Clear,Highway,51,Low,Car,18
9,Fog,Rural,118,Medium,Bus,49
22,Snow,Highway,48,High,Motorcycle,37
11,Clear,Urban,60,Medium,Bus,71
16,Clear,Urban,55,Medium,Car,64
7,Fog,Highway,71,Medium,Truck,53
10,Rain,Rural,70,Low,Car,56
2,Fog,Urban,52,High,Bus,47
5,Snow,Urban,76,Medium,Car,24
8,Snow,Rural,42,Medium,Car,39
5,Snow,Urban,118,High,Truck,74
8,Snow,Highway,95,High,Bus,67
6,Snow,Urban,95,High,Car,62
8,Rain,Urban,45,Low,Car,27
17,Clear,Rural,102,High,Truck,73
11,Fog,Highway,57,Low,Motorcycle,25
7,Fog,Rural,106,Medium,Bus,44
7,Snow,Urban,64,Low,Motorcycle,27
17,Fog,Urban,70,High,Motorcycle,31
19,Snow,Rural,106,Low,Truck,63
14,Rain,Rural,60,High,Truck,76
6,Rain,Rural,114,Low,Bus,69
10,Clear,Highway,61,Medium,Motorcycle,71
19,Rain,Urban,83,Low,Car,28
15,Rain,Rural,101,Medium,Motorcycle,23
3,Clear,Urban,88,High,Truck,38
5,Fog,Highway,70,Medium,Car,79
21,Snow,Highway,95,High,Car,50
2,Snow,Highway,83,High,Truck,36
8,Fog,Highway,69,Medium,Car,56
9,Clear,Urban,57,Medium,Motorcycle,41
13,Fog,Highway,66,Low,Truck,35
10,Rain,Highway,94,Low,Bus,52
17,Clear,Rural,103,Medium,Truck,69
21,Clear,Highway,84,Medium,Bus,79
11,Clear,Rural,33,Medium,Bus,60
22,Snow,Highway,39,Medium,Truck,54
11,Fog,Highway,76,High,Truck,36
12,Clear,Rural,104,Medium,Bus,70
12,Clear,Highway,43,Medium,Bus,41
18,Clear,Urban,67,Medium,Car,73
18,Fog,Urban,41,Medium,Truck,79
22,Snow,Highway,74,High,Truck,51
13,Rain,Urban,46,Low,Car,39
3,Snow,Rural,109,Low,Truck,21
12,Clear,Highway,64,Low,Car,74
7,Snow,Highway,95,Low,Car,27
22,Snow,Rural,104,Low,Truck,19
20,Rain,Rural,70,High,Motorcycle,25
22,Fog,Rural,96,Low,Bus,50
18,Fog,Highway,58,High,Truck,76
11,Snow,Rural,47,High,Motorcycle,55
17,Snow,Rural,49,Low,Car,60
5,Fog,Urban,43,Low,Motorcycle,76
17,Fog,Urban,63,Low,Truck,79
18,Rain,Highway,78,Medium,Truck,45
21,Clear,Urban,83,High,Motorcycle,27
4,Snow,Urban,60,Low,Truck,62
23,Fog,Rural,87,Medium,Bus,18
8,Snow,Rural,71,High,Motorcycle,51
2,Snow,Urban,87,Medium,Car,20
9,Fog,Urban,111,Medium,Motorcycle,26
18,Rain,Urban,59,Low,Motorcycle,22
2,Snow,Highway,54,High,Motorcycle,59
21,Rain,Highway,92,Medium,Motorcycle,27
14,Fog,Highway,48,High,Car,29
0,Clear,Urban,101,Low,Car,35
6,Clear,Urban,37,High,Car,75
11,Snow,Highway,32,Medium,Motorcycle,38
16,Fog,Highway,96,Medium,Bus,38
20,Rain,Urban,115,High,Bus,18
23,Snow,Rural,110,Medium,Car,20
19,Fog,Highway,46,Medium,Bus,22
4,Fog,Urban,43,Medium,Bus,42
3,Rain,Urban,38,Low,Bus,75
11,Snow,Rural,91,Low,Bus,66
19,Fog,Urban,50,Medium,Bus,25
23,Fog,Urban,105,High,Truck,34
17,Fog,Highway,66,Low,Car,26
16,Rain,Highway,40,High,Motorcycle,49
18,Snow,Rural,49,Medium,Bus,23
8,Snow,Rural,64,Medium,Truck,66
3,Snow,Urban,82,High,Motorcycle,57
20,Snow,Highway,76,Low,Truck,38
1,Clear,Rural,104,High,Bus,24
3,Clear,Rural,81,High,Bus,24
1,Snow,Rural,37,Medium,Bus,64
14,Rain,Urban,33,Low,Bus,56
1,Clear,Highway,56,High,Motorcycle,71
3,Fog,Rural,73,Low,Motorcycle,44
5,Clear,Highway,69,Medium,Truck,25
6,Fog,Rural,76,Low,Car,26
9,Snow,Rural,73,Medium,Bus,45
18,Clear,Highway,77,Low,Truck,32
18,Rain,Highway,120,High,Truck,19
21,Clear,Highway,114,Medium,Truck,24
11,Clear,Urban,81,High,Bus,64
2,Clear,Rural,113,Medium,Bus,35
12,Snow,Urban,97,Low,Truck,39
17,Rain,Highway,40,Low,Bus,67
7,Clear,Rural,106,Medium,Truck,27
20,Rain,Urban,102,Medium,Motorcycle,71
14,Snow,Rural,33,Medium,Bus,67
0,Fog,Urban,105,Low,Motorcycle,50
2,Clear,Highway,102,Medium,Car,24
7,Rain,Urban,106,Medium,Bus,20
3,Rain,Rural,77,High,Car,31
15,Snow,Rural,55,Medium,Truck,61
22,Clear,Rural,106,High,Bus,63
9,Fog,Rural,68,High,Bus,78
11,Rain,Highway,87,High,Bus,53
13,Clear,Urban,48,Low,Car,30
13,Fog,Highway,117,High,Car,33
1,Rain,Highway,112,Medium,Truck,33
22,Rain,Highway,106,Low,Motorcycle,71
4,Fog,Rural,106,Low,Motorcycle,22
4,Fog,Rural,87,Low,Car,69
5,Snow,Rural,57,Low,Bus,42
12,Clear,Urban,95,Low,Motorcycle,55
8,Clear,Rural,39,Low,Motorcycle,55
21,Snow,Urban,115,Low,Car,67
14,Rain,Rural,106,High,Truck,55
13,Fog,Rural,87,Medium,Car,56
23,Fog,Highway,102,Medium,Car,73
6,Fog,Highway,43,High,Bus,79
19,Rain,Highway,113,High,Car,73
1,Fog,Urban,44,Low,Bus,65
6,Fog,Urban,62,Low,Truck,58
5,Snow,Rural,46,High,Bus,43
16,Rain,Urban,53,Low,Truck,76
1,Clear,Rural,59,Medium,Truck,30
2,Snow,Urban,91,Medium,Truck,61
4,Snow,Urban,42,Low,Car,68
4,Clear,Urban,91,Low,Bus,43
0,Snow,Highway,76,Low,Motorcycle,72
7,Rain,Urban,45,Medium,Car,72
11,Fog,Highway,95,Low,Truck,18
23,Rain,Highway,110,High,Motorcycle,25
3,Clear,Urban,72,Low,Car,21
12,Clear,Rural,37,High,Motorcycle,38
22,Snow,Rural,32,Low,Truck,79
14,Rain,Rural,41,Low,Motorcycle,39
10,Rain,Urban,113,Medium,Motorcycle,68
9,Clear,Rural,45,High,Truck,70
2,Rain,Highway,107,High,Motorcycle,75
21,Clear,Rural,109,High,Car,54
13,Rain,Urban,88,Medium,Motorcycle,66
15,Rain,Rural,78,High,Bus,20
9,Rain,Highway,92,Medium,Car,36
9,Clear,Urban,91,Low,Motorcycle,18
11,Snow,Rural,78,Low,Bus,46
8,Rain,Urban,80,High,Bus,40
0,Clear,Urban,62,Low,Bus,50
4,Clear,Urban,59,Low,Motorcycle,72
19,Rain,Rural,88,High,Truck,69
7,Rain,Urban,105,Low,Bus,58
10,Snow,Rural,44,High,Truck,40
11,Clear,Highway,111,High,Car,22
0,Clear,Rural,52,Low,Truck,24
21,Fog,Highway,107,Low,Truck,74
19,Clear,Rural,74,Low,Truck,75
10,Snow,Urban,91,Low,Truck,23
4,Fog,Rural,108,Low,Truck,66
14,Fog,Urban,100,Medium,Car,39
4,Fog,Highway,44,Low,Car,66
11,Rain,Rural,75,Medium,Truck,30
4,Rain,Urban,93,High,Truck,29
16,Clear,Highway,75,Low,Bus,21
16,Fog,Highway,85,Low,Car,79
23,Snow,Rural,73,Low,Motorcycle,25
11,Rain,Highway,104,High,Car,54
23,Snow,Urban,58,Medium,Motorcycle,48
14,Snow,Highway,91,Medium,Bus,54
14,Rain,Highway,118,Low,Truck,62
5,Rain,Urban,81,Low,Bus,43
11,Rain,Highway,83,Low,Truck,60
19,Rain,Highway,117,Low,Car,25
17,Fog,Highway,86,High,Truck,57
13,Fog,Highway,112,Low,Motorcycle,50
1,Fog,Urban,95,High,Motorcycle,62
8,Fog,Highway,51,Low,Bus,46
4,Clear,Urban,49,Medium,Car,22
19,Fog,Highway,62,Medium,Motorcycle,45
0,Rain,Highway,101,Low,Bus,70
22,Snow,Highway,54,Low,Car,57
2,Fog,Highway,75,High,Car,34
5,Clear,Urban,102,Low,Bus,72
4,Rain,Urban,86,Low,Motorcycle,40
20,Snow,Urban,116,Low,Motorcycle,62
4,Snow,Rural,34,Medium,Bus,26
0,Fog,Highway,84,High,Motorcycle,19
16,Snow,Highway,90,Medium,Bus,49
18,Fog,Urban,118,High,Motorcycle,68
13,Fog,Rural,37,Medium,Motorcycle,69
11,Rain,Highway,45,Low,Bus,66
9,Rain,Urban,77,Medium,Bus,48
19,Clear,Highway,90,Medium,Motorcycle,24
20,Rain,Highway,44,High,Bus,47
17,Rain,Urban,94,High,Motorcycle,75
23,Fog,Urban,51,Medium,Truck,20
10,Rain,Highway,32,High,Car,68
1,Fog,Highway,83,High,Car,68
17,Fog,Urban,43,High,Motorcycle,73
6,Rain,Highway,65,High,Car,26
23,Clear,Highway,111,High,Motorcycle,27
14,Clear,Urban,111,Medium,Bus,78
10,Snow,Highway,96,High,Truck,63
17,Snow,Highway,39,Low,Car,67
22,Rain,Rural,78,Medium,Car,75
11,Clear,Urban,94,Medium,Bus,64
5,Fog,Rural,120,Medium,Truck,43
19,Snow,Rural,86,High,Truck,18
22,Fog,Rural,56,Low,Truck,47
12,Snow,Highway,104,High,Bus,74
19,Rain,Highway,34,Medium,Car,55
15,Clear,Rural,100,Medium,Car,79
17,Snow,Rural,112,Medium,Truck,32
9,Clear,Rural,86,Medium,Bus,42
22,Fog,Highway,44,High,Bus,23
7,Rain,Rural,105,Low,Bus,35
17,Clear,Rural,59,Low,Truck,18
20,Rain,Urban,49,Medium,Bus,79
0,Clear,Urban,66,Low,Truck,73
22,Fog,Highway,32,Medium,Truck,20
7,Fog,Urban,102,Medium,Truck,34
5,Rain,Urban,70,Low,Motorcycle,65
4,Fog,Urban,68,Medium,Truck,25
14,Snow,Highway,55,Low,Bus,77
21,Clear,Urban,31,Medium,Motorcycle,66
14,Fog,Highway,52,Low,Car,57
1,Snow,Rural,52,Medium,Car,34
0,Rain,Urban,114,Low,Bus,42
22,Snow,Highway,45,Medium,Bus,79
22,Rain,Urban,38,Medium,Bus,58
10,Rain,Rural,42,Medium,Bus,29
9,Clear,Highway,57,Low,Motorcycle,46
17,Clear,Highway,56,High,Bus,42
17,Snow,Highway,80,Medium,Truck,68
16,Clear,Rural,93,Medium,Car,53
7,Clear,Rural,81,Low,Bus,70
14,Clear,Rural,110,Medium,Truck,71
7,Snow,Highway,67,Medium,Bus,42
16,Fog,Rural,94,Medium,Truck,46
11,Clear,Urban,47,Medium,Motorcycle,28
7,Clear,Rural,92,High,Car,77
13,Snow,Highway,80,High,Car,21
3,Fog,Urban,38,Medium,Motorcycle,31
0,Clear,Rural,42,Medium,Truck,63
0,Rain,Urban,69,Medium,Bus,55
18,Snow,Urban,84,High,Truck,78
15,Clear,Highway,108,High,Car,34
13,Clear,Urban,72,Low,Motorcycle,19
20,Rain,Urban,73,Low,Motorcycle,25
15,Rain,Highway,97,Medium,Truck,53
4,Snow,Highway,62,Medium,Truck,27
8,Snow,Highway,53,High,Motorcycle,24
1,Rain,Urban,65,Medium,Car,53
17,Snow,Urban,39,Medium,Bus,33
5,Rain,Urban,49,High,Bus,31
8,Clear,Highway,104,High,Truck,33
0,Rain,Rural,41,High,Motorcycle,42
8,Rain,Urban,91,High,Motorcycle,58
15,Fog,Rural,47,Low,Motorcycle,21
12,Rain,Highway,92,High,Car,46
8,Rain,Urban,113,High,Truck,73
20,Fog,Rural,54,Medium,Truck,23
12,Snow,Urban,41,Medium,Truck,18
8,Fog,Urban,50,Medium,Car,56
10,Clear,Urban,54,Low,Truck,18
3,Fog,Rural,40,High,Bus,68
1,Clear,Highway,93,High,Truck,57
5,Snow,Urban,102,Low,Truck,74
13,Fog,Highway,79,High,Truck,20
3,Fog,Highway,91,Medium,Car,18
5,Snow,Rural,118,Low,Bus,18
18,Clear,Rural,78,High,Bus,56
5,Fog,Highway,43,Low,Motorcycle,38
1,Clear,Urban,30,Low,Motorcycle,62
17,Fog,Rural,110,High,Bus,47
12,Rain,Urban,54,Medium,Truck,49
8,Fog,Urban,88,High,Truck,50
22,Snow,Urban,101,High,Truck,65
18,Snow,Highway,98,Medium,Car,39
12,Clear,Urban,34,High,Truck,47
10,Fog,Highway,48,High,Car,71
0,Clear,Highway,52,High,Bus,63
23,Clear,Urban,38,Low,Truck,21
21,Rain,Urban,79,Low,Truck,40
6,Rain,Urban,45,Low,Motorcycle,72
20,Snow,Urban,62,High,Bus,61
14,Clear,Highway,31,Medium,Truck,42
0,Snow,Urban,43,Low,Car,29
11,Fog,Urban,30,Medium,Bus,34
6,Clear,Highway,119,High,Motorcycle,70
14,Clear,Rural,87,Low,Bus,32
20,Fog,Rural,118,High,Car,27
18,Fog,Highway,45,Medium,Motorcycle,52
0,Snow,Rural,108,Low,Car,72
16,Snow,Highway,119,Low,Bus,69
16,Fog,Urban,76,Low,Motorcycle,69
2,Snow,Urban,73,Low,Car,46
11,Fog,Rural,109,Medium,Bus,29
5,Clear,Urban,43,Low,Car,18
10,Clear,Rural,53,High,Truck,18
2,Rain,Rural,84,Low,Bus,27
7,Clear,Urban,44,Medium,Motorcycle,35
13,Fog,Urban,112,Low,Motorcycle,64
13,Snow,Rural,101,Medium,Truck,19
9,Rain,Urban,63,Medium,Car,66
1,Snow,Highway,31,High,Car,25
13,Fog,Urban,56,Low,Motorcycle,39
8,Clear,Urban,103,Low,Car,39
2,Rain,Highway,116,Low,Bus,43
20,Fog,Urban,101,High,Bus,43
7,Rain,Urban,52,High,Motorcycle,26
15,Rain,Rural,97,Medium,Bus,38
1,Clear,Urban,43,Medium,Motorcycle,48
5,Fog,Urban,92,Medium,Car,69
20,Snow,Highway,94,High,Car,60
11,Rain,Rural,97,High,Car,23
4,Rain,Rural,92,High,Truck,73
1,Snow,Rural,119,Medium,Motorcycle,31
15,Fog,Urban,110,High,Bus,50
4,Rain,Rural,116,Medium,Car,24
14,Rain,Highway,93,Medium,Truck,41
11,Rain,Rural,61,Low,Bus,26
3,Fog,Highway,108,Low,Bus,28
14,Fog,Rural,42,Low,Bus,73
10,Snow,Rural,95,Medium,Car,40
15,Fog,Highway,48,Low,Bus,65
22,Fog,Rural,53,Low,Motorcycle,68
5,Clear,Rural,117,Low,Truck,19
13,Snow,Rural,40,High,Bus,32
17,Rain,Urban,88,Medium,Bus,52
11,Fog,Highway,115,Low,Motorcycle,53
10,Rain,Rural,44,High,Bus,69
12,Rain,Highway,39,High,Car,71
20,Clear,Highway,70,High,Car,45
22,Fog,Highway,56,Low,Car,56
10,Snow,Rural,89,High,Bus,61
22,Fog,Rural,102,Medium,Truck,21
15,Rain,Highway,81,High,Truck,27
14,Snow,Urban,57,High,Bus,23
20,Fog,Highway,94,High,Truck,74
14,Rain,Urban,46,High,Truck,47
3,Rain,Highway,73,Medium,Bus,71
10,Clear,Highway,39,Low,Car,63
18,Clear,Highway,92,Medium,Bus,52
14,Clear,Rural,111,Medium,Car,66
3,Rain,Urban,76,Low,Car,60
20,Fog,Urban,67,High,Truck,27
12,Clear,Highway,99,Low,Truck,75
21,Fog,Rural,105,Low,Car,78
18,Clear,Rural,82,Medium,Car,70
1,Snow,Urban,107,Low,Truck,49
13,Snow,Rural,73,High,Motorcycle,59
3,Clear,Urban,103,Medium,Car,59
15,Rain,Urban,83,High,Car,20
20,Clear,Urban,49,Medium,Car,73
19,Clear,Rural,108,High,Truck,43
13,Rain,Urban,60,Low,Bus,32
14,Snow,Urban,36,Low,Car,34
2,Fog,Highway,87,Low,Car,44
7,Clear,Urban,39,High,Car,35
15,Rain,Urban,39,Medium,Bus,68
9,Clear,Highway,68,Medium,Bus,36
3,Rain,Highway,57,Medium,Car,29
17,Fog,Rural,59,Low,Car,41
1,Fog,Urban,66,High,Motorcycle,22
16,Snow,Rural,96,Medium,Bus,41
12,Rain,Rural,72,High,Motorcycle,44
3,Rain,Highway,108,Medium,Car,65
10,Snow,Rural,114,Low,Car,47
6,Snow,Urban,81,High,Car,32
11,Rain,Highway,85,Medium,Car,64
9,Snow,Urban,105,Medium,Truck,76
6,Fog,Urban,97,Medium,Truck,55
12,Clear,Highway,38,Medium,Truck,61
6,Fog,Urban,52,Low,Motorcycle,51
23,Snow,Highway,92,Medium,Bus,44
16,Rain,Urban,90,Medium,Car,37
9,Rain,Highway,69,Low,Bus,58
9,Fog,Rural,73,Medium,Truck,49
23,Rain,Urban,115,High,Car,21
3,Snow,Highway,53,High,Car,22
19,Fog,Urban,80,Medium,Motorcycle,70
3,Rain,Urban,87,Low,Bus,75
21,Clear,Urban,119,Low,Motorcycle,25
6,Clear,Highway,62,Low,Truck,39
21,Snow,Rural,45,Medium,Bus,59
0,Rain,Rural,51,Medium,Truck,24
11,Snow,Rural,86,High,Motorcycle,39
23,Fog,Highway,91,Low,Motorcycle,63
12,Clear,Rural,111,Medium,Car,47
9,Fog,Highway,100,Medium,Bus,79
14,Rain,Urban,119,Medium,Bus,54
12,Snow,Urban,101,Low,Car,33
22,Snow,Rural,99,Low,Bus,32
21,Snow,Highway,59,High,Truck,22
21,Fog,Urban,52,Low,Truck,20
20,Clear,Highway,61,Medium,Motorcycle,40
21,Fog,Highway,115,High,Truck,78
8,Fog,Urban,86,Low,Bus,27
8,Rain,Highway,38,Low,Car,22
14,Rain,Urban,60,Low,Motorcycle,40
9,Rain,Urban,100,Low,Car,32
23,Clear,Urban,38,Medium,Motorcycle,35
9,Clear,Highway,42,Low,Motorcycle,42
7,Rain,Urban,87,Medium,Car,25
23,Rain,Highway,32,Medium,Truck,48
15,Clear,Urban,64,Medium,Truck,38
16,Snow,Urban,50,High,Truck,19
4,Clear,Rural,93,Medium,Truck,39
3,Clear,Rural,81,Low,Car,25
17,Clear,Rural,63,High,Bus,40
23,Rain,Highway,64,Low,Motorcycle,49
18,Snow,Highway,44,Medium,Car,25
3,Clear,Urban,35,Low,Truck,21
6,Rain,Urban,114,High,Truck,47
9,Fog,Urban,61,High,Car,36
17,Fog,Urban,81,Low,Motorcycle,40
18,Clear,Highway,112,Low,Car,35
3,Fog,Urban,57,Low,Car,79
9,Snow,Urban,114,High,Bus,70
0,Fog,Rural,93,Medium,Car,46
22,Fog,Urban,108,Low,Bus,40
17,Snow,Urban,107,Medium,Motorcycle,50
4,Clear,Urban,48,High,Car,69
14,Clear,Highway,44,Low,Car,64
16,Snow,Rural,35,Low,Truck,35
2,Snow,Urban,102,High,Car,71
11,Snow,Urban,113,Low,Truck,61
1,Fog,Rural,67,Medium,Truck,50
0,Snow,Urban,55,High,Truck,24
22,Rain,Highway,111,High,Motorcycle,68
20,Fog,Urban,80,Low,Bus,45
16,Clear,Highway,102,High,Truck,18
21,Clear,Highway,82,Low,Car,73
15,Clear,Urban,85,Low,Car,56
4,Fog,Rural,88,High,Truck,51
14,Rain,Highway,99,Low,Truck,56
2,Snow,Rural,107,Medium,Car,36
6,Snow,Urban,87,Medium,Truck,48
10,Clear,Highway,117,Low,Bus,30
9,Clear,Urban,42,Medium,Bus,74
8,Fog,Rural,72,Low,Motorcycle,41
13,Rain,Urban,105,Medium,Truck,22
12,Snow,Urban,80,High,Motorcycle,40
1,Fog,Highway,48,Low,Motorcycle,36
2,Snow,Urban,50,Low,Motorcycle,18
6,Clear,Urban,120,Low,Truck,50
20,Snow,Urban,112,Low,Motorcycle,76
17,Rain,Highway,53,Low,Bus,67
2,Rain,Rural,55,Low,Motorcycle,73
9,Clear,Rural,74,High,Bus,50
21,Rain,Urban,57,High,Bus,49
6,Rain,Highway,111,Medium,Truck,76
8,Fog,Urban,58,Low,Motorcycle,45
16,Snow,Rural,46,Medium,Truck,54
10,Clear,Highway,97,Medium,Bus,58
6,Clear,Rural,73,High,Car,29
23,Clear,Rural,90,Medium,Motorcycle,26
13,Clear,Highway,97,High,Truck,67
18,Clear,Highway,103,Medium,Car,72
3,Rain,Urban,54,Low,Motorcycle,28
5,Fog,Urban,96,Medium,Motorcycle,50
9,Clear,Rural,31,High,Truck,36
6,Fog,Highway,118,High,Car,71
12,Fog,Highway,78,High,Truck,74
13,Rain,Urban,99,Medium,Motorcycle,59
3,Clear,Rural,55,Medium,Motorcycle,51
7,Rain,Rural,101,High,Bus,24
4,Clear,Urban,56,Low,Motorcycle,48
0,Rain,Highway,118,Low,Motorcycle,69
3,Fog,Urban,47,Medium,Car,19
2,Clear,Urban,83,Medium,Car,36
8,Snow,Urban,30,High,Bus,55
7,Fog,Urban,90,Medium,Bus,49
0,Snow,Highway,32,Medium,Bus,27
5,Fog,Urban,97,High,Truck,58
8,Rain,Highway,70,High,Truck,25
6,Clear,Urban,66,Medium,Bus,43
3,Fog,Rural,80,Low,Truck,47
12,Rain,Highway,44,Medium,Motorcycle,28
16,Clear,Rural,37,Low,Bus,58
1,Clear,Urban,67,Low,Bus,37
4,Fog,Urban,112,Low,Truck,77
11,Clear,Urban,85,High,Car,37
20,Fog,Highway,76,High,Bus,26
7,Clear,Rural,119,High,Truck,25
5,Snow,Highway,39,Medium,Truck,77
7,Rain,Highway,107,High,Car,32
17,Snow,Urban,78,High,Bus,51
2,Fog,Rural,70,Medium,Car,41
21,Snow,Urban,112,Medium,Motorcycle,50
11,Fog,Highway,59,Low,Car,58
2,Clear,Urban,34,Medium,Car,58
21,Clear,Rural,100,Medium,Truck,62
5,Fog,Urban,112,High,Car,57
1,Snow,Rural,60,Low,Motorcycle,44
22,Clear,Rural,81,Low,Truck,38
11,Rain,Urban,117,Medium,Motorcycle,22
1,Clear,Highway,52,High,Car,78
5,Rain,Urban,77,High,Motorcycle,52
16,Snow,Highway,69,High,Motorcycle,38
2,Rain,Highway,35,High,Car,21
1,Rain,Urban,67,Medium,Car,66
22,Rain,Highway,70,High,Truck,65
19,Rain,Highway,56,Low,Truck,33
7,Clear,Urban,104,Low,Bus,74
21,Rain,Urban,98,Medium,Truck,48
11,Clear,Urban,86,High,Car,43
3,Rain,Highway,46,High,Motorcycle,79
4,Fog,Rural,100,High,Motorcycle,69
12,Snow,Highway,120,High,Truck,52
14,Rain,Rural,76,Medium,Truck,23
22,Fog,Urban,108,High,Car,50
15,Rain,Rural,42,Medium,Motorcycle,38
9,Rain,Urban,40,High,Bus,33
22,Rain,Urban,119,High,Bus,64
15,Fog,Rural,115,Low,Truck,56
11,Snow,Urban,53,Medium,Bus,51
16,Fog,Rural,102,Low,Car,59
15,Snow,Urban,33,Medium,Bus,74
11,Rain,Highway,75,High,Truck,77
7,Clear,Highway,47,High,Car,32
19,Rain,Urban,72,Medium,Motorcycle,23
2,Snow,Urban,109,Low,Car,19
15,Fog,Rural,62,Medium,Truck,41
12,Rain,Highway,39,Medium,Truck,73
22,Fog,Rural,102,High,Bus,66
18,Fog,Urban,88,Low,Bus,45
7,Fog,Urban,60,Medium,Motorcycle,18
21,Rain,Rural,57,Low,Motorcycle,18
4,Fog,Urban,89,Low,Truck,45
19,Fog,Highway,32,Medium,Truck,53
7,Rain,Rural,84,Low,Truck,37
23,Fog,Highway,43,High,Motorcycle,65
11,Rain,Highway,87,High,Truck,25
0,Snow,Highway,118,High,Motorcycle,18
20,Snow,Rural,44,High,Truck,43
19,Snow,Urban,31,Low,Car,68
5,Fog,Highway,53,High,Car,60
21,Clear,Highway,107,Medium,Truck,66
17,Clear,Highway,93,High,Car,42
7,Fog,Urban,100,Medium,Motorcycle,27
6,Clear,Urban,53,Medium,Bus,29
0,Rain,Rural,56,High,Car,58
20,Clear,Urban,66,High,Bus,24
15,Fog,Rural,120,Low,Car,78
11,Fog,Rural,68,Medium,Motorcycle,29
5,Rain,Rural,92,High,Car,64
19,Snow,Rural,108,Low,Car,57
1,Fog,Rural,55,High,Truck,34
13,Rain,Highway,94,High,Bus,22
3,Clear,Urban,33,High,Bus,31
0,Clear,Highway,58,Medium,Motorcycle,51
22,Rain,Rural,30,High,Motorcycle,65
17,Rain,Urban,79,Low,Bus,78
12,Fog,Highway,115,High,Truck,34
1,Clear,Highway,40,High,Truck,52
8,Rain,Rural,103,Low,Bus,72
20,Clear,Highway,88,Low,Car,18
1,Rain,Highway,91,Medium,Bus,76
8,Clear,Highway,110,Medium,Car,67
0,Snow,Highway,65,Medium,Bus,67
10,Fog,Highway,85,Medium,Car,53
2,Clear,Rural,119,Low,Truck,32
19,Snow,Rural,50,High,Bus,77
22,Clear,Highway,42,High,Motorcycle,36
3,Clear,Rural,38,High,Car,68
17,Snow,Rural,40,Medium,Truck,59
22,Clear,Urban,104,Low,Motorcycle,22
5,Clear,Highway,99,Low,Truck,36
2,Fog,Rural,30,Low,Car,60
21,Snow,Rural,99,High,Bus,56
10,Snow,Highway,106,Medium,Truck,22
14,Rain,Urban,115,Low,Bus,69
21,Clear,Highway,85,Medium,Bus,29
4,Fog,Urban,60,Low,Truck,36
19,Clear,Highway,115,Medium,Truck,64
9,Clear,Highway,66,Low,Truck,29
11,Rain,Highway,76,Medium,Bus,53
14,Clear,Highway,120,Low,Motorcycle,79
16,Fog,Urban,107,Low,Car,29
9,Fog,Urban,76,Medium,Motorcycle,35
5,Rain,Rural,98,Medium,Bus,66
17,Clear,Highway,87,High,Truck,68
12,Fog,Urban,65,Medium,Truck,65
2,Clear,Urban,61,Low,Car,60
23,Clear,Urban,93,Low,Car,51
9,Clear,Highway,100,Medium,Motorcycle,65
13,Rain,Rural,71,High,Motorcycle,50
5,Clear,Urban,77,Medium,Car,66
2,Fog,Highway,103,Low,Bus,35
15,Clear,Urban,110,Low,Motorcycle,78
6,Fog,Urban,59,High,Truck,78
19,Clear,Rural,50,Medium,Truck,74
13,Fog,Urban,89,Low,Bus,46
8,Fog,Urban,42,Low,Car,62
14,Clear,Highway,30,Low,Motorcycle,22
20,Clear,Highway,94,Medium,Truck,42
2,Fog,Rural,62,Medium,Car,41
1,Snow,Highway,67,High,Motorcycle,46
1,Rain,Highway,54,Low,Bus,76
2,Snow,Rural,55,Low,Truck,55
17,Snow,Urban,106,High,Bus,50
13,Clear,Rural,88,Low,Bus,27
19,Rain,Highway,62,High,Bus,54
17,Snow,Rural,70,High,Motorcycle,77
9,Clear,Urban,59,Low,Bus,50
1,Snow,Rural,86,Medium,Motorcycle,40
21,Snow,Highway,78,Medium,Motorcycle,75
0,Clear,Highway,77,Medium,Bus,79
3,Clear,Rural,101,Medium,Bus,28
13,Clear,Urban,78,Low,Car,41
0,Rain,Rural,76,High,Truck,41
13,Snow,Urban,85,High,Car,24
15,Clear,Urban,94,Low,Truck,67
21,Fog,Rural,41,Medium,Truck,38
13,Snow,Urban,98,High,Car,37
19,Fog,Highway,117,Low,Car,70
2,Rain,Rural,35,Low,Truck,27
2,Clear,Urban,118,Medium,Truck,42
8,Fog,Highway,94,Low,Truck,64
5,Rain,Rural,54,High,Motorcycle,53
12,Clear,Highway,30,High,Truck,65
20,Fog,Highway,61,Low,Bus,64
1,Fog,Highway,32,High,Bus,32
7,Rain,Urban,78,Low,Bus,61
20,Clear,Rural,48,High,Car,57
1,Clear,Rural,89,Medium,Car,57
3,Fog,Urban,58,High,Car,67
14,Fog,Rural,79,Medium,Truck,79
3,Fog,Highway,31,Medium,Bus,23
12,Clear,Rural,102,Low,Truck,54
11,Rain,Urban,85,Medium,Motorcycle,19
12,Rain,Highway,46,High,Motorcycle,29
13,Clear,Urban,89,High,Car,75
19,Snow,Highway,65,Medium,Motorcycle,21
17,Rain,Highway,90,Low,Bus,40
5,Fog,Rural,46,Medium,Motorcycle,30
10,Snow,Highway,78,High,Car,34
1,Snow,Urban,105,High,Truck,48
22,Rain,Rural,89,Medium,Motorcycle,33
18,Snow,Urban,49,Medium,Bus,58
18,Snow,Highway,79,Medium,Bus,43
4,Rain,Urban,32,High,Bus,45
18,Rain,Urban,72,High,Truck,18
1,Snow,Highway,86,High,Bus,64
9,Fog,Rural,79,Low,Car,29
1,Clear,Urban,97,High,Car,54
10,Snow,Highway,110,High,Bus,72
17,Snow,Rural,79,Low,Motorcycle,73
23,Fog,Rural,66,Low,Bus,67
14,Snow,Rural,75,Low,Car,37
8,Snow,Urban,71,Low,Car,19
22,Clear,Urban,44,Low,Car,53
18,Clear,Urban,62,Low,Motorcycle,32
8,Clear,Rural,109,Medium,Motorcycle,55
2,Rain,Urban,40,Medium,Motorcycle,39
20,Rain,Highway,49,Medium,Car,61
8,Clear,Urban,53,Medium,Truck,78
13,Clear,Urban,93,High,Bus,67
18,Rain,Rural,109,Low,Bus,49
6,Fog,Urban,94,High,Car,76
15,Snow,Highway,117,Low,Motorcycle,37
15,Snow,Rural,117,Low,Truck,53
0,Clear,Highway,102,High,Truck,79
3,Fog,Rural,115,Medium,Motorcycle,50
3,Rain,Rural,105,High,Bus,32
6,Clear,Urban,46,High,Bus,79
7,Fog,Highway,118,Low,Truck,67
16,Fog,Rural,90,Low,Truck,63
4,Fog,Urban,44,Low,Motorcycle,20
6,Rain,Rural,80,Medium,Bus,46
19,Rain,Rural,56,High,Truck,64
19,Snow,Rural,115,High,Bus,44
3,Snow,Rural,103,Medium,Truck,22
5,Fog,Rural,90,High,Motorcycle,76
6,Fog,Rural,87,High,Bus,73
17,Rain,Urban,60,Low,Truck,48
4,Snow,Rural,120,Medium,Truck,39
19,Fog,Highway,41,Low,Truck,52
2,Snow,Urban,75,Medium,Truck,71
6,Snow,Highway,60,Low,Motorcycle,24
21,Fog,Rural,61,High,Bus,23
13,Rain,Highway,61,Medium,Bus,43
6,Fog,Rural,82,Medium,Car,71
4,Fog,Rural,90,Low,Bus,18
21,Snow,Urban,75,Medium,Car,36
4,Fog,Urban,114,High,Truck,24
22,Rain,Rural,103,High,Motorcycle,53
1,Fog,Urban,109,High,Motorcycle,29
20,Rain,Highway,36,Low,Truck,37
21,Rain,Urban,33,Medium,Car,40
5,Snow,Urban,120,Low,Truck,42
14,Clear,Highway,81,High,Motorcycle,47
20,Clear,Urban,118,Medium,Motorcycle,76
9,Snow,Rural,60,High,Bus,78
22,Fog,Highway,104,Medium,Car,46
23,Snow,Rural,113,Medium,Bus,48
6,Rain,Highway,65,Low,Motorcycle,35
4,Clear,Rural,83,Medium,Motorcycle,58
0,Snow,Rural,83,High,Bus,36
12,Fog,Urban,46,Medium,Bus,71
20,Snow,Rural,104,High,Motorcycle,21
17,Clear,Urban,59,Low,Bus,18
12,Snow,Highway,51,High,Bus,58
20,Snow,Rural,72,Medium,Car,76
20,Clear,Rural,56,High,Motorcycle,32
17,Rain,Highway,66,High,Truck,71
4,Rain,Highway,75,Medium,Car,25
12,Clear,Rural,64,High,Truck,32
3,Snow,Highway,33,Medium,Bus,32
16,Clear,Urban,109,Low,Bus,67
2,Rain,Highway,109,High,Truck,56
16,Fog,Highway,114,Low,Bus,39
10,Snow,Rural,55,High,Bus,35
20,Rain,Urban,48,High,Car,33
19,Snow,Highway,110,Low,Truck,19
22,Clear,Urban,74,High,Car,53
20,Fog,Urban,55,High,Truck,37
3,Clear,Urban,51,Low,Car,33
1,Fog,Rural,87,High,Motorcycle,20
19,Snow,Highway,92,Medium,Motorcycle,73
15,Snow,Rural,57,High,Truck,47
17,Clear,Highway,94,High,Motorcycle,72
7,Fog,Highway,73,High,Car,19
2,Fog,Rural,72,Low,Truck,52
8,Snow,Urban,66,Medium,Motorcycle,43
19,Clear,Urban,95,Medium,Motorcycle,74
5,Fog,Highway,46,High,Truck,78
9,Snow,Rural,69,Low,Motorcycle,22
20,Rain,Urban,67,Low,Motorcycle,19
9,Clear,Urban,114,Medium,Truck,68
12,Rain,Highway,90,Low,Motorcycle,73
16,Clear,Highway,38,High,Motorcycle,37
8,Snow,Rural,106,High,Motorcycle,79
16,Fog,Highway,104,Low,Motorcycle,51
23,Fog,Urban,90,High,Bus,51
8,Fog,Urban,109,Medium,Truck,71
8,Clear,Urban,45,High,Bus,73
0,Snow,Urban,31,Low,Bus,72
1,Rain,Rural,101,Medium,Car,37
15,Snow,Rural,72,High,Bus,67
0,Rain,Highway,71,Medium,Bus,42
9,Clear,Highway,106,Low,Car,37
17,Clear,Highway,86,High,Motorcycle,42
7,Rain,Rural,110,High,Motorcycle,70
20,Rain,Urban,117,Medium,Bus,31
10,Rain,Highway,96,High,Car,77
22,Snow,Urban,59,High,Motorcycle,64
1,Rain,Highway,42,High,Car,61
7,Clear,Highway,48,High,Truck,60
21,Clear,Highway,36,Low,Truck,60
7,Fog,Highway,38,High,Truck,79
16,Rain,Highway,112,Medium,Truck,56
14,Snow,Urban,83,Low,Bus,29
16,Snow,Highway,115,Medium,Truck,65
22,Snow,Urban,111,Medium,Truck,22
23,Fog,Rural,90,Medium,Car,19
12,Clear,Highway,116,Low,Motorcycle,71
18,Snow,Urban,31,Low,Car,33
4,Clear,Rural,79,Low,Bus,72
11,Fog,Rural,104,High,Truck,47
0,Rain,Rural,60,Medium,Motorcycle,64
22,Rain,Urban,62,Low,Motorcycle,60
4,Rain,Highway,107,Medium,Truck,78
7,Snow,Highway,109,Low,Truck,55
12,Rain,Urban,40,Low,Bus,62
7,Snow,Highway,62,Low,Bus,79
22,Fog,Urban,36,Medium,Truck,68
10,Fog,Highway,60,High,Truck,59
0,Snow,Rural,77,Low,Truck,41
12,Clear,Highway,76,Low,Truck,68
18,Rain,Urban,107,Low,Motorcycle,47
23,Rain,Urban,82,High,Bus,54
2,Rain,Rural,109,Medium,Truck,74
23,Snow,Urban,48,Medium,Truck,76
16,Fog,Highway,110,Medium,Motorcycle,70
4,Rain,Highway,119,Medium,Car,56
19,Fog,Rural,35,Low,Truck,28
20,Rain,Urban,78,High,Motorcycle,31
7,Rain,Rural,102,Low,Motorcycle,40
13,Snow,Highway,79,High,Car,70
3,Clear,Rural,110,Medium,Bus,33
10,Snow,Urban,41,High,Bus,67
19,Rain,Rural,52,Low,Bus,38
14,Rain,Urban,83,Low,Truck,72
18,Clear,Urban,98,Medium,Bus,72
6,Fog,Highway,88,Low,Truck,21
18,Fog,Highway,65,Low,Truck,50
18,Rain,Highway,32,High,Motorcycle,71
10,Fog,Urban,87,Low,Bus,78
4,Rain,Rural,117,Medium,Bus,64
4,Clear,Urban,84,Medium,Bus,31
21,Clear,Highway,86,Low,Truck,36
7,Rain,Highway,46,Medium,Truck,76
9,Clear,Rural,68,High,Bus,22
5,Snow,Highway,119,High,Truck,53
14,Snow,Highway,97,Low,Truck,48
15,Clear,Highway,84,Low,Car,62
16,Rain,Rural,74,High,Car,35
7,Rain,Urban,105,Medium,Bus,61
7,Clear,Highway,30,Low,Bus,48
8,Fog,Rural,50,Low,Car,72
1,Snow,Highway,112,Medium,Truck,47
14,Fog,Rural,50,Low,Truck,38
17,Rain,Highway,81,Medium,Motorcycle,64
2,Rain,Rural,111,Medium,Bus,47
16,Fog,Highway,72,Medium,Bus,72
3,Clear,Urban,81,Medium,Bus,58
3,Fog,Highway,96,Medium,Motorcycle,21
13,Fog,Rural,73,High,Motorcycle,22
8,Snow,Highway,61,Medium,Truck,58
8,Snow,Urban,39,High,Car,62
22,Fog,Highway,93,Medium,Car,27
17,Fog,Rural,108,Low,Car,44
9,Rain,Rural,98,High,Truck,33
20,Snow,Urban,97,Low,Car,47
3,Snow,Rural,57,Medium,Motorcycle,30
11,Rain,Highway,82,Medium,Motorcycle,53
7,Clear,Highway,80,Low,Bus,38
1,Snow,Highway,82,Medium,Car,62
21,Snow,Rural,33,Low,Motorcycle,70
12,Clear,Highway,108,Medium,Bus,57
20,Snow,Highway,46,Medium,Car,62
15,Snow,Highway,96,High,Car,32
1,Clear,Urban,103,Low,Motorcycle,37
10,Clear,Rural,76,Medium,Bus,37
9,Fog,Rural,85,Low,Bus,62
14,Rain,Rural,52,High,Motorcycle,72
16,Rain,Urban,47,Low,Motorcycle,76
7,Clear,Rural,30,High,Motorcycle,22
17,Clear,Urban,64,Low,Car,71
22,Snow,Urban,93,Low,Motorcycle,71
8,Fog,Rural,87,High,Motorcycle,77
7,Fog,Highway,88,Medium,Truck,49
13,Clear,Highway,30,Medium,Motorcycle,23
17,Snow,Rural,32,Medium,Motorcycle,47
21,Snow,Rural,96,Low,Car,43
19,Rain,Urban,66,Low,Bus,54
19,Rain,Rural,112,Medium,Car,30
20,Snow,Urban,58,Low,Truck,46
11,Rain,Rural,118,Low,Motorcycle,22
18,Clear,Highway,62,Medium,Motorcycle,42
13,Snow,Highway,90,High,Motorcycle,30
16,Rain,Rural,119,Low,Motorcycle,41
23,Fog,Urban,33,Low,Motorcycle,48
20,Snow,Highway,43,Low,Motorcycle,37
2,Snow,Urban,120,Low,Truck,72
22,Fog,Rural,62,High,Motorcycle,25
6,Clear,Rural,51,Medium,Motorcycle,77
16,Fog,Highway,77,Low,Motorcycle,26
11,Snow,Rural,32,Medium,Truck,38
8,Clear,Highway,116,Low,Motorcycle,68
14,Rain,Urban,114,High,Truck,78
17,Rain,Highway,52,Medium,Car,37
20,Rain,Highway,97,High,Motorcycle,32
12,Snow,Urban,50,Low,Bus,43
20,Fog,Highway,72,High,Truck,71
7,Clear,Highway,114,High,Car,59
13,Rain,Rural,55,Low,Truck,28
7,Clear,Urban,70,Low,Truck,54
13,Snow,Highway,67,Medium,Car,58
6,Rain,Urban,117,Low,Motorcycle,78
22,Snow,Urban,40,Medium,Motorcycle,28
11,Fog,Highway,58,High,Truck,44
10,Snow,Rural,89,High,Car,47
21,Snow,Urban,96,Medium,Motorcycle,36
21,Fog,Highway,94,Low,Truck,51
10,Clear,Urban,90,Low,Bus,55
21,Fog,Rural,48,High,Car,78
12,Fog,Rural,75,Medium,Bus,40
17,Snow,Rural,78,High,Bus,70
1,Clear,Highway,51,High,Truck,18
20,Rain,Highway,107,Low,Car,20
14,Fog,Rural,86,Medium,Motorcycle,20
19,Clear,Highway,43,High,Motorcycle,45
17,Fog,Rural,73,Low,Truck,31
14,Fog,Highway,45,High,Motorcycle,69
18,Fog,Rural,106,High,Motorcycle,47
22,Fog,Urban,41,Low,Bus,75
23,Snow,Rural,84,Low,Bus,71
11,Clear,Rural,80,Medium,Car,22
12,Clear,Highway,68,High,Bus,66
21,Clear,Highway,62,Medium,Motorcycle,32
10,Fog,Highway,62,Low,Car,55
4,Snow,Highway,58,Low,Car,31
0,Fog,Highway,98,High,Truck,31
23,Fog,Highway,99,Medium,Bus,74
2,Clear,Urban,60,Medium,Car,76
21,Fog,Rural,109,High,Motorcycle,66
18,Rain,Rural,60,High,Car,25
22,Fog,Rural,118,Medium,Car,25
6,Rain,Urban,75,Low,Truck,36
11,Fog,Rural,106,Low,Motorcycle,49
14,Snow,Urban,81,High,Motorcycle,48
4,Snow,Urban,39,Medium,Bus,46
14,Clear,Urban,117,Medium,Motorcycle,58
7,Fog,Rural,103,Medium,Car,28
9,Rain,Urban,70,Low,Motorcycle,62
15,Rain,Rural,106,Low,Motorcycle,30
7,Fog,Rural,32,Medium,Car,44
0,Rain,Highway,88,Medium,Truck,73
11,Snow,Highway,81,High,Bus,36
4,Rain,Urban,63,High,Bus,43
2,Clear,Urban,78,Medium,Truck,70
0,Snow,Rural,57,Medium,Car,68
3,Snow,Urban,112,Low,Bus,54
7,Snow,Urban,116,Medium,Truck,65
2,Fog,Rural,42,High,Truck,26
9,Fog,Urban,98,Low,Truck,45
1,Snow,Urban,96,High,Bus,49
10,Fog,Rural,90,High,Bus,69
9,Rain,Rural,89,Low,Bus,71
20,Fog,Highway,100,High,Bus,20
13,Fog,Rural,53,Medium,Motorcycle,68
6,Snow,Highway,92,High,Truck,49
1,Clear,Urban,115,Low,Motorcycle,22
8,Clear,Rural,90,Low,Truck,25
15,Clear,Rural,52,Low,Bus,31
12,Rain,Rural,59,High,Bus,73
8,Fog,Urban,89,Medium,Motorcycle,20
19,Clear,Highway,47,Low,Car,41
3,Snow,Urban,85,Medium,Bus,30
21,Clear,Urban,82,Low,Car,60
9,Clear,Rural,36,Medium,Truck,46
21,Fog,Highway,98,Medium,Motorcycle,25
11,Fog,Urban,101,Medium,Car,68
16,Fog,Rural,108,Low,Car,59
13,Rain,Urban,81,High,Bus,48
13,Rain,Urban,33,High,Car,78
1,Clear,Rural,63,High,Car,43
20,Fog,Rural,98,Medium,Truck,35
19,Clear,Highway,62,Low,Motorcycle,75
10,Snow,Urban,98,Medium,Bus,35
15,Snow,Rural,67,Low,Bus,74
18,Fog,Rural,55,Medium,Car,24
22,Fog,Highway,30,Low,Truck,65
5,Snow,Highway,33,Low,Car,55
23,Fog,Rural,68,Low,Car,65
18,Rain,Highway,83,Medium,Bus,33
4,Rain,Rural,119,High,Car,72
3,Fog,Urban,62,Medium,Car,73
14,Snow,Highway,62,Medium,Truck,77
3,Clear,Urban,101,Low,Bus,50
19,Fog,Urban,49,Low,Motorcycle,73
9,Fog,Urban,45,High,Truck,68
23,Clear,Rural,50,High,Truck,20
21,Fog,Urban,74,Low,Truck,55
2,Clear,Urban,119,High,Bus,21
4,Snow,Urban,116,High,Car,53
5,Rain,Rural,111,Low,Motorcycle,21
20,Snow,Urban,91,Medium,Bus,59
21,Rain,Urban,60,High,Car,26
7,Clear,Highway,71,Low,Truck,57
6,Rain,Rural,41,High,Bus,68
20,Snow,Urban,94,High,Car,34
9,Rain,Highway,102,Low,Motorcycle,34
5,Clear,Rural,32,High,Motorcycle,50
13,Rain,Rural,119,High,Car,37
3,Fog,Rural,38,High,Bus,31
12,Snow,Rural,80,Medium,Truck,39
19,Fog,Rural,45,Medium,Car,69
16,Clear,Rural,117,High,Truck,44
22,Rain,Urban,107,Low,Motorcycle,60
6,Fog,Urban,32,High,Car,20
3,Fog,Urban,53,High,Motorcycle,41
13,Rain,Urban,102,Medium,Truck,47
2,Rain,Highway,42,Medium,Truck,25
23,Snow,Urban,31,Medium,Car,39
4,Fog,Rural,100,High,Car,42
15,Fog,Urban,50,High,Car,77
22,Clear,Urban,48,Low,Motorcycle,27
19,Snow,Rural,118,High,Truck,66
3,Clear,Urban,76,High,Truck,46
23,Fog,Urban,51,Medium,Motorcycle,57
23,Clear,Urban,104,Medium,Car,71
1,Fog,Highway,62,Medium,Bus,18
17,Fog,Urban,61,Medium,Car,69
18,Clear,Rural,93,Medium,Bus,38
18,Clear,Rural,114,Low,Bus,56
16,Rain,Urban,68,Low,Motorcycle,41
13,Rain,Urban,113,Low,Truck,26
18,Rain,Urban,101,Medium,Truck,77
21,Fog,Rural,71,Medium,Truck,61
23,Clear,Rural,38,Medium,Truck,71
12,Snow,Highway,54,Low,Motorcycle,43
11,Fog,Highway,118,Medium,Bus,26
5,Snow,Highway,31,Low,Truck,37
20,Clear,Rural,48,Medium,Bus,73
3,Fog,Highway,49,High,Motorcycle,52
18,Snow,Urban,99,Low,Car,53
15,Snow,Urban,46,High,Motorcycle,59
12,Rain,Rural,118,Low,Truck,53
3,Rain,Highway,97,Medium,Car,71
22,Rain,Urban,113,Medium,Motorcycle,26
16,Fog,Rural,32,High,Motorcycle,39
22,Clear,Highway,116,Medium,Bus,18
0,Clear,Urban,80,Low,Motorcycle,22
17,Rain,Highway,111,Medium,Car,26
19,Rain,Rural,55,Medium,Motorcycle,54
16,Rain,Highway,85,Low,Truck,55
14,Snow,Rural,93,High,Bus,36
10,Rain,Highway,37,High,Car,25
21,Snow,Urban,110,Medium,Car,59
12,Clear,Rural,66,Low,Motorcycle,60
0,Fog,Rural,56,High,Truck,49
16,Fog,Rural,74,High,Bus,30
5,Fog,Highway,33,Medium,Car,37
3,Fog,Highway,115,Low,Bus,53
19,Snow,Urban,119,High,Motorcycle,60
15,Snow,Rural,117,Medium,Truck,61
14,Rain,Rural,66,Medium,Motorcycle,54
14,Snow,Highway,100,Medium,Bus,47
5,Rain,Highway,62,Medium,Motorcycle,27
14,Rain,Urban,60,High,Bus,48
13,Fog,Urban,84,Low,Car,42
10,Snow,Highway,41,Medium,Car,46
6,Snow,Rural,40,Medium,Motorcycle,41
8,Rain,Urban,117,High,Car,56
15,Rain,Highway,101,Medium,Bus,38
4,Clear,Highway,61,Medium,Car,58
19,Clear,Rural,86,Low,Truck,26
9,Rain,Highway,67,Medium,Truck,59
17,Clear,Highway,89,High,Motorcycle,59
2,Clear,Urban,115,Low,Motorcycle,19
12,Rain,Highway,48,High,Motorcycle,21
10,Rain,Highway,113,Low,Motorcycle,25
16,Snow,Urban,85,Low,Bus,49
21,Rain,Rural,43,Medium,Bus,78
12,Rain,Rural,62,Medium,Truck,31
5,Fog,Urban,39,Medium,Bus,66
16,Snow,Urban,109,High,Car,30
12,Snow,Rural,93,Medium,Truck,38
18,Snow,Rural,93,Medium,Motorcycle,41
20,Fog,Rural,91,Low,Motorcycle,67
18,Rain,Rural,97,Medium,Bus,35
9,Snow,Rural,120,Medium,Truck,62
2,Snow,Urban,72,Medium,Bus,57
13,Clear,Highway,109,Medium,Bus,43
18,Snow,Rural,88,Low,Bus,49
4,Rain,Rural,81,Medium,Truck,61
4,Rain,Highway,48,Low,Motorcycle,74
19,Clear,Highway,50,High,Car,72
16,Snow,Highway,51,Medium,Motorcycle,73
20,Snow,Highway,38,Medium,Truck,70
9,Snow,Highway,38,Medium,Motorcycle,50
4,Fog,Highway,102,Low,Motorcycle,69
3,Snow,Urban,56,Medium,Car,48
5,Rain,Highway,46,Medium,Motorcycle,35
3,Rain,Highway,73,High,Motorcycle,52
6,Fog,Urban,74,Low,Motorcycle,29
6,Fog,Highway,37,Low,Bus,68
17,Snow,Rural,109,High,Truck,42
2,Clear,Rural,47,Low,Truck,62
0,Fog,Highway,62,Medium,Car,48
23,Fog,Urban,30,Medium,Bus,27
3,Snow,Rural,105,High,Bus,64
5,Snow,Urban,35,Low,Motorcycle,69
8,Fog,Rural,70,Low,Truck,51
21,Clear,Highway,84,Low,Car,68
13,Fog,Urban,34,High,Bus,20
11,Snow,Urban,88,Medium,Motorcycle,63
19,Snow,Urban,109,High,Car,56
23,Fog,Rural,47,Medium,Bus,25
3,Clear,Rural,78,High,Car,78
20,Fog,Rural,111,Medium,Bus,49
23,Fog,Highway,94,Low,Car,60
11,Snow,Rural,112,Low,Bus,46
9,Clear,Highway,83,Low,Bus,39
21,Rain,Urban,90,High,Car,37
6,Clear,Urban,37,High,Bus,23
2,Fog,Highway,32,High,Bus,78
22,Fog,Rural,54,Low,Bus,60
13,Fog,Highway,98,Medium,Car,66
23,Clear,Urban,84,Low,Car,46
9,Snow,Urban,69,Low,Bus,59
15,Fog,Highway,112,Medium,Bus,73
15,Fog,Rural,111,Medium,Car,34
21,Clear,Rural,79,Medium,Motorcycle,48
9,Rain,Highway,62,Medium,Bus,70
12,Rain,Highway,47,Low,Motorcycle,51
5,Snow,Rural,86,High,Car,55
11,Snow,Urban,45,Low,Bus,74
8,Fog,Highway,109,Medium,Motorcycle,54
12,Clear,Rural,67,High,Car,21
3,Fog,Rural,70,High,Motorcycle,79
23,Snow,Urban,36,Low,Truck,19
10,Clear,Urban,107,Low,Car,29
19,Clear,Urban,82,Low,Truck,52
17,Snow,Urban,92,High,Car,23
10,Rain,Urban,118,High,Car,73
20,Rain,Highway,61,High,Bus,63
3,Clear,Rural,67,Medium,Truck,25
17,Fog,Highway,51,Medium,Truck,38
0,Rain,Highway,45,Low,Truck,70
6,Fog,Highway,81,High,Car,75
5,Rain,Highway,58,Low,Truck,63
14,Rain,Highway,45,High,Truck,78
17,Fog,Urban,105,Low,Bus,52
23,Snow,Urban,46,Medium,Motorcycle,65
10,Rain,Rural,93,High,Motorcycle,32
